Timestamp	RequestId	Operation	Sandbox	Parameters	Valid	URL	Response
2016-01-20T16:22:29Z	0a76672c-33ff-4fb6-94de-9334279feb28	GetAccountBalance	TRUE		TRUE	https://mechanicalturk.sandbox.amazonaws.com/?Service=AWSMechanicalTurkRequester&AWSAccessKeyId=AKIAIDC7VWQ3AGEESEWQ&Operation=GetAccountBalance&Timestamp=2016-01-20T16:22:29Z&Signature=R0HkaPD4F6eFJfgvJApgLJgsBfI%3D	<?xml version="1.0"?><GetAccountBalanceResponse><OperationRequest><RequestId>0a76672c-33ff-4fb6-94de-9334279feb28</RequestId></OperationRequest><GetAccountBalanceResult><Request><IsValid>True</IsValid></Request><AvailableBalance><Amount>10000.000</Amount><CurrencyCode>USD</CurrencyCode><FormattedPrice>$10,000.00</FormattedPrice></AvailableBalance></GetAccountBalanceResult></GetAccountBalanceResponse>
2016-01-20T16:24:12Z	2e6c91a6-4aac-4f98-8ca6-2459be910001	GetAccountBalance	TRUE		TRUE	https://mechanicalturk.sandbox.amazonaws.com/?Service=AWSMechanicalTurkRequester&AWSAccessKeyId=AKIAIDC7VWQ3AGEESEWQ&Operation=GetAccountBalance&Timestamp=2016-01-20T16:24:12Z&Signature=i2b02wImH5Zx%2B0%2ByyaekH2bfil8%3D	<?xml version="1.0"?><GetAccountBalanceResponse><OperationRequest><RequestId>2e6c91a6-4aac-4f98-8ca6-2459be910001</RequestId></OperationRequest><GetAccountBalanceResult><Request><IsValid>True</IsValid></Request><AvailableBalance><Amount>10000.000</Amount><CurrencyCode>USD</CurrencyCode><FormattedPrice>$10,000.00</FormattedPrice></AvailableBalance></GetAccountBalanceResult></GetAccountBalanceResponse>
2016-01-20T16:24:13Z	87357a6e-bd08-431a-8a11-6ee7c3defa7a	RegisterHITType	TRUE	&Title=Categorize%20comments%202016-01-20&Description=Categorize%20comments&Reward.1.Amount=.05&Reward.1.CurrencyCode=USD&AssignmentDurationInSeconds=300&Keywords=categorization%2C%20image%2C%20moderation%2C%20category&AutoApprovalDelayInSeconds=86400&QualificationRequirement.1.QualificationTypeId=00000000000000000071&QualificationRequirement.1.Comparator=EqualTo&QualificationRequirement.1.LocaleValue.1.Country=US	TRUE	https://mechanicalturk.sandbox.amazonaws.com/?Service=AWSMechanicalTurkRequester&AWSAccessKeyId=AKIAIDC7VWQ3AGEESEWQ&Operation=RegisterHITType&Timestamp=2016-01-20T16:24:13Z&Signature=qwpt24KpuFP8wxRkvDCi%2FshoVU8%3D&Title=Categorize%20comments%202016-01-20&Description=Categorize%20comments&Reward.1.Amount=.05&Reward.1.CurrencyCode=USD&AssignmentDurationInSeconds=300&Keywords=categorization%2C%20image%2C%20moderation%2C%20category&AutoApprovalDelayInSeconds=86400&QualificationRequirement.1.QualificationTypeId=00000000000000000071&QualificationRequirement.1.Comparator=EqualTo&QualificationRequirement.1.LocaleValue.1.Country=US	<?xml version="1.0"?><RegisterHITTypeResponse><OperationRequest><RequestId>87357a6e-bd08-431a-8a11-6ee7c3defa7a</RequestId></OperationRequest><RegisterHITTypeResult><Request><IsValid>True</IsValid></Request><HITTypeId>32A8IZJLQFECACF0U6FISKJN0SLGHQ</HITTypeId></RegisterHITTypeResult></RegisterHITTypeResponse>
2016-01-20T16:24:14Z	b1431b7b-3e48-4df2-9f9e-951a4980f504	CreateHIT	TRUE	&HITTypeId=32A8IZJLQFECACF0U6FISKJN0SLGHQ&Question=%3CHTMLQuestion%20xmlns%3D%27http%3A%2F%2Fmechanicalturk.amazonaws.com%2FAWSMechanicalTurkDataSchemas%2F2011-11-11%2FHTMLQuestion.xsd%27%3E%3CHTMLContent%3E%3C%21%5BCDATA%5B%0A%3C%21DOCTYPE%20html%3E%3Chtml%3E%3Chead%3E%3Cmeta%20http-equiv%3D%27Content-Type%27%20content%3D%27text%2Fhtml%3B%20charset%3DUTF-8%27%2F%3E%0A%20%20%3Cscript%20type%3D%27text%2Fjavascript%27%20src%3D%27https%3A%2F%2Fs3.amazonaws.com%2Fmturk-public%2FexternalHIT_v1.js%27%3E%3C%2Fscript%3E%0A%20%3C%2Fhead%3E%0A%20%3Cbody%3E%0A%20%20%3Cform%20name%3D%27mturk_form%27%20method%3D%27post%27%20id%3D%27mturk_form%27%20action%3D%27https%3A%2F%2Fwww.mturk.com%2Fmturk%2FexternalSubmit%27%3E%0A%20%20%3Cinput%20type%3D%27hidden%27%20value%3D%27%27%20name%3D%27assignmentId%27%20id%3D%27assignmentId%27%2F%3E%0A%20%20%3Cp%3E%24%7Bhittitle%7D%3C%2Fp%3E%0A%20%20%3Cp%3E%24%7Bhitvariable%7D%3C%2Fp%3E%0A%20%20%3Cp%3E%3Ctextarea%20name%3D%27comment%27%20cols%3D%2780%27%20rows%3D%273%27%3E%3C%2Ftextarea%3E%3C%2Fp%3E%0A%20%20%3Cp%3E%3Cinput%20type%3D%27submit%27%20id%3D%27submitButton%27%20value%3D%27Submit%27%20%2F%3E%3C%2Fp%3E%3C%2Fform%3E%0A%20%20%3Cscript%20language%3D%27Javascript%27%3EturkSetAssignmentID%28%29%3B%3C%2Fscript%3E%0A%20%3C%2Fbody%3E%0A%3C%2Fhtml%3E%5D%5D%3E%3C%2FHTMLContent%3E%3CFrameHeight%3E450%3C%2FFrameHeight%3E%3C%2FHTMLQuestion%3E&LifetimeInSeconds=345600&MaxAssignments=1&RequesterAnnotation=Bulk%20From%20Template%202016-01-20	TRUE	https://mechanicalturk.sandbox.amazonaws.com/?Service=AWSMechanicalTurkRequester&AWSAccessKeyId=AKIAIDC7VWQ3AGEESEWQ&Operation=CreateHIT&Timestamp=2016-01-20T16:24:14Z&Signature=Pl3m8fTPmA%2BLm7aqveDTvDPewhQ%3D&HITTypeId=32A8IZJLQFECACF0U6FISKJN0SLGHQ&Question=%3CHTMLQuestion%20xmlns%3D%27http%3A%2F%2Fmechanicalturk.amazonaws.com%2FAWSMechanicalTurkDataSchemas%2F2011-11-11%2FHTMLQuestion.xsd%27%3E%3CHTMLContent%3E%3C%21%5BCDATA%5B%0A%3C%21DOCTYPE%20html%3E%3Chtml%3E%3Chead%3E%3Cmeta%20http-equiv%3D%27Content-Type%27%20content%3D%27text%2Fhtml%3B%20charset%3DUTF-8%27%2F%3E%0A%20%20%3Cscript%20type%3D%27text%2Fjavascript%27%20src%3D%27https%3A%2F%2Fs3.amazonaws.com%2Fmturk-public%2FexternalHIT_v1.js%27%3E%3C%2Fscript%3E%0A%20%3C%2Fhead%3E%0A%20%3Cbody%3E%0A%20%20%3Cform%20name%3D%27mturk_form%27%20method%3D%27post%27%20id%3D%27mturk_form%27%20action%3D%27https%3A%2F%2Fwww.mturk.com%2Fmturk%2FexternalSubmit%27%3E%0A%20%20%3Cinput%20type%3D%27hidden%27%20value%3D%27%27%20name%3D%27assignmentId%27%20id%3D%27assignmentId%27%2F%3E%0A%20%20%3Cp%3E%24%7Bhittitle%7D%3C%2Fp%3E%0A%20%20%3Cp%3E%24%7Bhitvariable%7D%3C%2Fp%3E%0A%20%20%3Cp%3E%3Ctextarea%20name%3D%27comment%27%20cols%3D%2780%27%20rows%3D%273%27%3E%3C%2Ftextarea%3E%3C%2Fp%3E%0A%20%20%3Cp%3E%3Cinput%20type%3D%27submit%27%20id%3D%27submitButton%27%20value%3D%27Submit%27%20%2F%3E%3C%2Fp%3E%3C%2Fform%3E%0A%20%20%3Cscript%20language%3D%27Javascript%27%3EturkSetAssignmentID%28%29%3B%3C%2Fscript%3E%0A%20%3C%2Fbody%3E%0A%3C%2Fhtml%3E%5D%5D%3E%3C%2FHTMLContent%3E%3CFrameHeight%3E450%3C%2FFrameHeight%3E%3C%2FHTMLQuestion%3E&LifetimeInSeconds=345600&MaxAssignments=1&RequesterAnnotation=Bulk%20From%20Template%202016-01-20	<?xml version="1.0"?><CreateHITResponse><OperationRequest><RequestId>b1431b7b-3e48-4df2-9f9e-951a4980f504</RequestId></OperationRequest><HIT><Request><IsValid>True</IsValid></Request><HITId>3PZDSVZ3J5Z4I1098A2D4ZROUWZ4NX</HITId><HITTypeId>32A8IZJLQFECACF0U6FISKJN0SLGHQ</HITTypeId></HIT></CreateHITResponse>
2016-01-20T16:24:15Z	0bb26828-3cb5-48f5-ac75-bf83a3112f39	CreateHIT	TRUE	&HITTypeId=32A8IZJLQFECACF0U6FISKJN0SLGHQ&Question=%3CHTMLQuestion%20xmlns%3D%27http%3A%2F%2Fmechanicalturk.amazonaws.com%2FAWSMechanicalTurkDataSchemas%2F2011-11-11%2FHTMLQuestion.xsd%27%3E%3CHTMLContent%3E%3C%21%5BCDATA%5B%0A%3C%21DOCTYPE%20html%3E%3Chtml%3E%3Chead%3E%3Cmeta%20http-equiv%3D%27Content-Type%27%20content%3D%27text%2Fhtml%3B%20charset%3DUTF-8%27%2F%3E%0A%20%20%3Cscript%20type%3D%27text%2Fjavascript%27%20src%3D%27https%3A%2F%2Fs3.amazonaws.com%2Fmturk-public%2FexternalHIT_v1.js%27%3E%3C%2Fscript%3E%0A%20%3C%2Fhead%3E%0A%20%3Cbody%3E%0A%20%20%3Cform%20name%3D%27mturk_form%27%20method%3D%27post%27%20id%3D%27mturk_form%27%20action%3D%27https%3A%2F%2Fwww.mturk.com%2Fmturk%2FexternalSubmit%27%3E%0A%20%20%3Cinput%20type%3D%27hidden%27%20value%3D%27%27%20name%3D%27assignmentId%27%20id%3D%27assignmentId%27%2F%3E%0A%20%20%3Cp%3E%24%7Bhittitle%7D%3C%2Fp%3E%0A%20%20%3Cp%3E%24%7Bhitvariable%7D%3C%2Fp%3E%0A%20%20%3Cp%3E%3Ctextarea%20name%3D%27comment%27%20cols%3D%2780%27%20rows%3D%273%27%3E%3C%2Ftextarea%3E%3C%2Fp%3E%0A%20%20%3Cp%3E%3Cinput%20type%3D%27submit%27%20id%3D%27submitButton%27%20value%3D%27Submit%27%20%2F%3E%3C%2Fp%3E%3C%2Fform%3E%0A%20%20%3Cscript%20language%3D%27Javascript%27%3EturkSetAssignmentID%28%29%3B%3C%2Fscript%3E%0A%20%3C%2Fbody%3E%0A%3C%2Fhtml%3E%5D%5D%3E%3C%2FHTMLContent%3E%3CFrameHeight%3E450%3C%2FFrameHeight%3E%3C%2FHTMLQuestion%3E&LifetimeInSeconds=345600&MaxAssignments=1&RequesterAnnotation=Bulk%20From%20Template%202016-01-20	TRUE	https://mechanicalturk.sandbox.amazonaws.com/?Service=AWSMechanicalTurkRequester&AWSAccessKeyId=AKIAIDC7VWQ3AGEESEWQ&Operation=CreateHIT&Timestamp=2016-01-20T16:24:15Z&Signature=eohWvkJ96mwOi7oGqVsv9H%2F%2Bdpc%3D&HITTypeId=32A8IZJLQFECACF0U6FISKJN0SLGHQ&Question=%3CHTMLQuestion%20xmlns%3D%27http%3A%2F%2Fmechanicalturk.amazonaws.com%2FAWSMechanicalTurkDataSchemas%2F2011-11-11%2FHTMLQuestion.xsd%27%3E%3CHTMLContent%3E%3C%21%5BCDATA%5B%0A%3C%21DOCTYPE%20html%3E%3Chtml%3E%3Chead%3E%3Cmeta%20http-equiv%3D%27Content-Type%27%20content%3D%27text%2Fhtml%3B%20charset%3DUTF-8%27%2F%3E%0A%20%20%3Cscript%20type%3D%27text%2Fjavascript%27%20src%3D%27https%3A%2F%2Fs3.amazonaws.com%2Fmturk-public%2FexternalHIT_v1.js%27%3E%3C%2Fscript%3E%0A%20%3C%2Fhead%3E%0A%20%3Cbody%3E%0A%20%20%3Cform%20name%3D%27mturk_form%27%20method%3D%27post%27%20id%3D%27mturk_form%27%20action%3D%27https%3A%2F%2Fwww.mturk.com%2Fmturk%2FexternalSubmit%27%3E%0A%20%20%3Cinput%20type%3D%27hidden%27%20value%3D%27%27%20name%3D%27assignmentId%27%20id%3D%27assignmentId%27%2F%3E%0A%20%20%3Cp%3E%24%7Bhittitle%7D%3C%2Fp%3E%0A%20%20%3Cp%3E%24%7Bhitvariable%7D%3C%2Fp%3E%0A%20%20%3Cp%3E%3Ctextarea%20name%3D%27comment%27%20cols%3D%2780%27%20rows%3D%273%27%3E%3C%2Ftextarea%3E%3C%2Fp%3E%0A%20%20%3Cp%3E%3Cinput%20type%3D%27submit%27%20id%3D%27submitButton%27%20value%3D%27Submit%27%20%2F%3E%3C%2Fp%3E%3C%2Fform%3E%0A%20%20%3Cscript%20language%3D%27Javascript%27%3EturkSetAssignmentID%28%29%3B%3C%2Fscript%3E%0A%20%3C%2Fbody%3E%0A%3C%2Fhtml%3E%5D%5D%3E%3C%2FHTMLContent%3E%3CFrameHeight%3E450%3C%2FFrameHeight%3E%3C%2FHTMLQuestion%3E&LifetimeInSeconds=345600&MaxAssignments=1&RequesterAnnotation=Bulk%20From%20Template%202016-01-20	<?xml version="1.0"?><CreateHITResponse><OperationRequest><RequestId>0bb26828-3cb5-48f5-ac75-bf83a3112f39</RequestId></OperationRequest><HIT><Request><IsValid>True</IsValid></Request><HITId>36GJS3V78V8OBR28ODCMKH7ABH3GJS</HITId><HITTypeId>32A8IZJLQFECACF0U6FISKJN0SLGHQ</HITTypeId></HIT></CreateHITResponse>
2016-01-20T16:24:16Z	56ab8c4b-0c86-4daa-aee8-d86b426f83cb	CreateHIT	TRUE	&HITTypeId=32A8IZJLQFECACF0U6FISKJN0SLGHQ&Question=%3CHTMLQuestion%20xmlns%3D%27http%3A%2F%2Fmechanicalturk.amazonaws.com%2FAWSMechanicalTurkDataSchemas%2F2011-11-11%2FHTMLQuestion.xsd%27%3E%3CHTMLContent%3E%3C%21%5BCDATA%5B%0A%3C%21DOCTYPE%20html%3E%3Chtml%3E%3Chead%3E%3Cmeta%20http-equiv%3D%27Content-Type%27%20content%3D%27text%2Fhtml%3B%20charset%3DUTF-8%27%2F%3E%0A%20%20%3Cscript%20type%3D%27text%2Fjavascript%27%20src%3D%27https%3A%2F%2Fs3.amazonaws.com%2Fmturk-public%2FexternalHIT_v1.js%27%3E%3C%2Fscript%3E%0A%20%3C%2Fhead%3E%0A%20%3Cbody%3E%0A%20%20%3Cform%20name%3D%27mturk_form%27%20method%3D%27post%27%20id%3D%27mturk_form%27%20action%3D%27https%3A%2F%2Fwww.mturk.com%2Fmturk%2FexternalSubmit%27%3E%0A%20%20%3Cinput%20type%3D%27hidden%27%20value%3D%27%27%20name%3D%27assignmentId%27%20id%3D%27assignmentId%27%2F%3E%0A%20%20%3Cp%3E%24%7Bhittitle%7D%3C%2Fp%3E%0A%20%20%3Cp%3E%24%7Bhitvariable%7D%3C%2Fp%3E%0A%20%20%3Cp%3E%3Ctextarea%20name%3D%27comment%27%20cols%3D%2780%27%20rows%3D%273%27%3E%3C%2Ftextarea%3E%3C%2Fp%3E%0A%20%20%3Cp%3E%3Cinput%20type%3D%27submit%27%20id%3D%27submitButton%27%20value%3D%27Submit%27%20%2F%3E%3C%2Fp%3E%3C%2Fform%3E%0A%20%20%3Cscript%20language%3D%27Javascript%27%3EturkSetAssignmentID%28%29%3B%3C%2Fscript%3E%0A%20%3C%2Fbody%3E%0A%3C%2Fhtml%3E%5D%5D%3E%3C%2FHTMLContent%3E%3CFrameHeight%3E450%3C%2FFrameHeight%3E%3C%2FHTMLQuestion%3E&LifetimeInSeconds=345600&MaxAssignments=1&RequesterAnnotation=Bulk%20From%20Template%202016-01-20	TRUE	https://mechanicalturk.sandbox.amazonaws.com/?Service=AWSMechanicalTurkRequester&AWSAccessKeyId=AKIAIDC7VWQ3AGEESEWQ&Operation=CreateHIT&Timestamp=2016-01-20T16:24:16Z&Signature=Sa7zXByPYgZmBgbtnLzPzCrE000%3D&HITTypeId=32A8IZJLQFECACF0U6FISKJN0SLGHQ&Question=%3CHTMLQuestion%20xmlns%3D%27http%3A%2F%2Fmechanicalturk.amazonaws.com%2FAWSMechanicalTurkDataSchemas%2F2011-11-11%2FHTMLQuestion.xsd%27%3E%3CHTMLContent%3E%3C%21%5BCDATA%5B%0A%3C%21DOCTYPE%20html%3E%3Chtml%3E%3Chead%3E%3Cmeta%20http-equiv%3D%27Content-Type%27%20content%3D%27text%2Fhtml%3B%20charset%3DUTF-8%27%2F%3E%0A%20%20%3Cscript%20type%3D%27text%2Fjavascript%27%20src%3D%27https%3A%2F%2Fs3.amazonaws.com%2Fmturk-public%2FexternalHIT_v1.js%27%3E%3C%2Fscript%3E%0A%20%3C%2Fhead%3E%0A%20%3Cbody%3E%0A%20%20%3Cform%20name%3D%27mturk_form%27%20method%3D%27post%27%20id%3D%27mturk_form%27%20action%3D%27https%3A%2F%2Fwww.mturk.com%2Fmturk%2FexternalSubmit%27%3E%0A%20%20%3Cinput%20type%3D%27hidden%27%20value%3D%27%27%20name%3D%27assignmentId%27%20id%3D%27assignmentId%27%2F%3E%0A%20%20%3Cp%3E%24%7Bhittitle%7D%3C%2Fp%3E%0A%20%20%3Cp%3E%24%7Bhitvariable%7D%3C%2Fp%3E%0A%20%20%3Cp%3E%3Ctextarea%20name%3D%27comment%27%20cols%3D%2780%27%20rows%3D%273%27%3E%3C%2Ftextarea%3E%3C%2Fp%3E%0A%20%20%3Cp%3E%3Cinput%20type%3D%27submit%27%20id%3D%27submitButton%27%20value%3D%27Submit%27%20%2F%3E%3C%2Fp%3E%3C%2Fform%3E%0A%20%20%3Cscript%20language%3D%27Javascript%27%3EturkSetAssignmentID%28%29%3B%3C%2Fscript%3E%0A%20%3C%2Fbody%3E%0A%3C%2Fhtml%3E%5D%5D%3E%3C%2FHTMLContent%3E%3CFrameHeight%3E450%3C%2FFrameHeight%3E%3C%2FHTMLQuestion%3E&LifetimeInSeconds=345600&MaxAssignments=1&RequesterAnnotation=Bulk%20From%20Template%202016-01-20	<?xml version="1.0"?><CreateHITResponse><OperationRequest><RequestId>56ab8c4b-0c86-4daa-aee8-d86b426f83cb</RequestId></OperationRequest><HIT><Request><IsValid>True</IsValid></Request><HITId>30F94FBDNR2MYDQ2KLYCLC3MT62BTB</HITId><HITTypeId>32A8IZJLQFECACF0U6FISKJN0SLGHQ</HITTypeId></HIT></CreateHITResponse>
2016-01-20T16:28:09Z	2ff3251b-f133-416d-8581-5d5c69b7cd70	GetAccountBalance	TRUE		TRUE	https://mechanicalturk.sandbox.amazonaws.com/?Service=AWSMechanicalTurkRequester&AWSAccessKeyId=AKIAIDC7VWQ3AGEESEWQ&Operation=GetAccountBalance&Timestamp=2016-01-20T16:28:09Z&Signature=CpOCnEyTO97wUeeoMEOFamdrWs0%3D	<?xml version="1.0"?><GetAccountBalanceResponse><OperationRequest><RequestId>2ff3251b-f133-416d-8581-5d5c69b7cd70</RequestId></OperationRequest><GetAccountBalanceResult><Request><IsValid>True</IsValid></Request><AvailableBalance><Amount>10000.000</Amount><CurrencyCode>USD</CurrencyCode><FormattedPrice>$10,000.00</FormattedPrice></AvailableBalance></GetAccountBalanceResult></GetAccountBalanceResponse>
2016-01-20T16:28:09Z	b1067b58-3042-425e-b2da-8944e82f42f5	RegisterHITType	TRUE	&Title=Categorize%20comments%202016-01-20&Description=Categorize%20comments&Reward.1.Amount=.05&Reward.1.CurrencyCode=USD&AssignmentDurationInSeconds=300&Keywords=categorization%2C%20image%2C%20moderation%2C%20category&AutoApprovalDelayInSeconds=86400&QualificationRequirement.1.QualificationTypeId=00000000000000000071&QualificationRequirement.1.Comparator=EqualTo&QualificationRequirement.1.LocaleValue.1.Country=US	TRUE	https://mechanicalturk.sandbox.amazonaws.com/?Service=AWSMechanicalTurkRequester&AWSAccessKeyId=AKIAIDC7VWQ3AGEESEWQ&Operation=RegisterHITType&Timestamp=2016-01-20T16:28:09Z&Signature=4AXg2UrU%2Bui8ZWkhWBMDZtIl4nI%3D&Title=Categorize%20comments%202016-01-20&Description=Categorize%20comments&Reward.1.Amount=.05&Reward.1.CurrencyCode=USD&AssignmentDurationInSeconds=300&Keywords=categorization%2C%20image%2C%20moderation%2C%20category&AutoApprovalDelayInSeconds=86400&QualificationRequirement.1.QualificationTypeId=00000000000000000071&QualificationRequirement.1.Comparator=EqualTo&QualificationRequirement.1.LocaleValue.1.Country=US	<?xml version="1.0"?><RegisterHITTypeResponse><OperationRequest><RequestId>b1067b58-3042-425e-b2da-8944e82f42f5</RequestId></OperationRequest><RegisterHITTypeResult><Request><IsValid>True</IsValid></Request><HITTypeId>32A8IZJLQFECACF0U6FISKJN0SLGHQ</HITTypeId></RegisterHITTypeResult></RegisterHITTypeResponse>
2016-01-20T16:28:10Z	e9405989-6c79-489b-a093-5ac946b6e5f6	CreateHIT	TRUE	&HITTypeId=32A8IZJLQFECACF0U6FISKJN0SLGHQ&Question=%3CHTMLQuestion%20xmlns%3D%27http%3A%2F%2Fmechanicalturk.amazonaws.com%2FAWSMechanicalTurkDataSchemas%2F2011-11-11%2FHTMLQuestion.xsd%27%3E%3CHTMLContent%3E%3C%21%5BCDATA%5B%0A%3C%21DOCTYPE%20html%3E%3Chtml%3E%3Chead%3E%3Cmeta%20http-equiv%3D%27Content-Type%27%20content%3D%27text%2Fhtml%3B%20charset%3DUTF-8%27%2F%3E%0A%20%20%3Cscript%20type%3D%27text%2Fjavascript%27%20src%3D%27https%3A%2F%2Fs3.amazonaws.com%2Fmturk-public%2FexternalHIT_v1.js%27%3E%3C%2Fscript%3E%0A%20%3C%2Fhead%3E%0A%20%3Cbody%3E%0A%20%20%3Cform%20name%3D%27mturk_form%27%20method%3D%27post%27%20id%3D%27mturk_form%27%20action%3D%27https%3A%2F%2Fwww.mturk.com%2Fmturk%2FexternalSubmit%27%3E%0A%20%20%3Cinput%20type%3D%27hidden%27%20value%3D%27%27%20name%3D%27assignmentId%27%20id%3D%27assignmentId%27%2F%3E%0A%20%20%3Cp%3E%24%7Bhittitle%7D%3C%2Fp%3E%0A%20%20%3Cp%3E%24%7Bhitvariable%7D%3C%2Fp%3E%0A%20%20%3Cp%3E%3Ctextarea%20name%3D%27comment%27%20cols%3D%2780%27%20rows%3D%273%27%3E%3C%2Ftextarea%3E%3C%2Fp%3E%0A%20%20%3Cp%3E%3Cinput%20type%3D%27submit%27%20id%3D%27submitButton%27%20value%3D%27Submit%27%20%2F%3E%3C%2Fp%3E%3C%2Fform%3E%0A%20%20%3Cscript%20language%3D%27Javascript%27%3EturkSetAssignmentID%28%29%3B%3C%2Fscript%3E%0A%20%3C%2Fbody%3E%0A%3C%2Fhtml%3E%5D%5D%3E%3C%2FHTMLContent%3E%3CFrameHeight%3E450%3C%2FFrameHeight%3E%3C%2FHTMLQuestion%3E&LifetimeInSeconds=345600&MaxAssignments=1&RequesterAnnotation=Bulk%20From%20Template%202016-01-20	TRUE	https://mechanicalturk.sandbox.amazonaws.com/?Service=AWSMechanicalTurkRequester&AWSAccessKeyId=AKIAIDC7VWQ3AGEESEWQ&Operation=CreateHIT&Timestamp=2016-01-20T16:28:10Z&Signature=6WW77aoYDzvSPG1yWejIr%2FTxowo%3D&HITTypeId=32A8IZJLQFECACF0U6FISKJN0SLGHQ&Question=%3CHTMLQuestion%20xmlns%3D%27http%3A%2F%2Fmechanicalturk.amazonaws.com%2FAWSMechanicalTurkDataSchemas%2F2011-11-11%2FHTMLQuestion.xsd%27%3E%3CHTMLContent%3E%3C%21%5BCDATA%5B%0A%3C%21DOCTYPE%20html%3E%3Chtml%3E%3Chead%3E%3Cmeta%20http-equiv%3D%27Content-Type%27%20content%3D%27text%2Fhtml%3B%20charset%3DUTF-8%27%2F%3E%0A%20%20%3Cscript%20type%3D%27text%2Fjavascript%27%20src%3D%27https%3A%2F%2Fs3.amazonaws.com%2Fmturk-public%2FexternalHIT_v1.js%27%3E%3C%2Fscript%3E%0A%20%3C%2Fhead%3E%0A%20%3Cbody%3E%0A%20%20%3Cform%20name%3D%27mturk_form%27%20method%3D%27post%27%20id%3D%27mturk_form%27%20action%3D%27https%3A%2F%2Fwww.mturk.com%2Fmturk%2FexternalSubmit%27%3E%0A%20%20%3Cinput%20type%3D%27hidden%27%20value%3D%27%27%20name%3D%27assignmentId%27%20id%3D%27assignmentId%27%2F%3E%0A%20%20%3Cp%3E%24%7Bhittitle%7D%3C%2Fp%3E%0A%20%20%3Cp%3E%24%7Bhitvariable%7D%3C%2Fp%3E%0A%20%20%3Cp%3E%3Ctextarea%20name%3D%27comment%27%20cols%3D%2780%27%20rows%3D%273%27%3E%3C%2Ftextarea%3E%3C%2Fp%3E%0A%20%20%3Cp%3E%3Cinput%20type%3D%27submit%27%20id%3D%27submitButton%27%20value%3D%27Submit%27%20%2F%3E%3C%2Fp%3E%3C%2Fform%3E%0A%20%20%3Cscript%20language%3D%27Javascript%27%3EturkSetAssignmentID%28%29%3B%3C%2Fscript%3E%0A%20%3C%2Fbody%3E%0A%3C%2Fhtml%3E%5D%5D%3E%3C%2FHTMLContent%3E%3CFrameHeight%3E450%3C%2FFrameHeight%3E%3C%2FHTMLQuestion%3E&LifetimeInSeconds=345600&MaxAssignments=1&RequesterAnnotation=Bulk%20From%20Template%202016-01-20	<?xml version="1.0"?><CreateHITResponse><OperationRequest><RequestId>e9405989-6c79-489b-a093-5ac946b6e5f6</RequestId></OperationRequest><HIT><Request><IsValid>True</IsValid></Request><HITId>3PCPFX4U408ZJEAQ8JQDZXJKOXVFQJ</HITId><HITTypeId>32A8IZJLQFECACF0U6FISKJN0SLGHQ</HITTypeId></HIT></CreateHITResponse>
2016-01-20T16:28:10Z	18e6e07d-4f5a-4fd6-b200-a4ee0455476c	CreateHIT	TRUE	&HITTypeId=32A8IZJLQFECACF0U6FISKJN0SLGHQ&Question=%3CHTMLQuestion%20xmlns%3D%27http%3A%2F%2Fmechanicalturk.amazonaws.com%2FAWSMechanicalTurkDataSchemas%2F2011-11-11%2FHTMLQuestion.xsd%27%3E%3CHTMLContent%3E%3C%21%5BCDATA%5B%0A%3C%21DOCTYPE%20html%3E%3Chtml%3E%3Chead%3E%3Cmeta%20http-equiv%3D%27Content-Type%27%20content%3D%27text%2Fhtml%3B%20charset%3DUTF-8%27%2F%3E%0A%20%20%3Cscript%20type%3D%27text%2Fjavascript%27%20src%3D%27https%3A%2F%2Fs3.amazonaws.com%2Fmturk-public%2FexternalHIT_v1.js%27%3E%3C%2Fscript%3E%0A%20%3C%2Fhead%3E%0A%20%3Cbody%3E%0A%20%20%3Cform%20name%3D%27mturk_form%27%20method%3D%27post%27%20id%3D%27mturk_form%27%20action%3D%27https%3A%2F%2Fwww.mturk.com%2Fmturk%2FexternalSubmit%27%3E%0A%20%20%3Cinput%20type%3D%27hidden%27%20value%3D%27%27%20name%3D%27assignmentId%27%20id%3D%27assignmentId%27%2F%3E%0A%20%20%3Cp%3E%24%7Bhittitle%7D%3C%2Fp%3E%0A%20%20%3Cp%3E%24%7Bhitvariable%7D%3C%2Fp%3E%0A%20%20%3Cp%3E%3Ctextarea%20name%3D%27comment%27%20cols%3D%2780%27%20rows%3D%273%27%3E%3C%2Ftextarea%3E%3C%2Fp%3E%0A%20%20%3Cp%3E%3Cinput%20type%3D%27submit%27%20id%3D%27submitButton%27%20value%3D%27Submit%27%20%2F%3E%3C%2Fp%3E%3C%2Fform%3E%0A%20%20%3Cscript%20language%3D%27Javascript%27%3EturkSetAssignmentID%28%29%3B%3C%2Fscript%3E%0A%20%3C%2Fbody%3E%0A%3C%2Fhtml%3E%5D%5D%3E%3C%2FHTMLContent%3E%3CFrameHeight%3E450%3C%2FFrameHeight%3E%3C%2FHTMLQuestion%3E&LifetimeInSeconds=345600&MaxAssignments=1&RequesterAnnotation=Bulk%20From%20Template%202016-01-20	TRUE	https://mechanicalturk.sandbox.amazonaws.com/?Service=AWSMechanicalTurkRequester&AWSAccessKeyId=AKIAIDC7VWQ3AGEESEWQ&Operation=CreateHIT&Timestamp=2016-01-20T16:28:10Z&Signature=6WW77aoYDzvSPG1yWejIr%2FTxowo%3D&HITTypeId=32A8IZJLQFECACF0U6FISKJN0SLGHQ&Question=%3CHTMLQuestion%20xmlns%3D%27http%3A%2F%2Fmechanicalturk.amazonaws.com%2FAWSMechanicalTurkDataSchemas%2F2011-11-11%2FHTMLQuestion.xsd%27%3E%3CHTMLContent%3E%3C%21%5BCDATA%5B%0A%3C%21DOCTYPE%20html%3E%3Chtml%3E%3Chead%3E%3Cmeta%20http-equiv%3D%27Content-Type%27%20content%3D%27text%2Fhtml%3B%20charset%3DUTF-8%27%2F%3E%0A%20%20%3Cscript%20type%3D%27text%2Fjavascript%27%20src%3D%27https%3A%2F%2Fs3.amazonaws.com%2Fmturk-public%2FexternalHIT_v1.js%27%3E%3C%2Fscript%3E%0A%20%3C%2Fhead%3E%0A%20%3Cbody%3E%0A%20%20%3Cform%20name%3D%27mturk_form%27%20method%3D%27post%27%20id%3D%27mturk_form%27%20action%3D%27https%3A%2F%2Fwww.mturk.com%2Fmturk%2FexternalSubmit%27%3E%0A%20%20%3Cinput%20type%3D%27hidden%27%20value%3D%27%27%20name%3D%27assignmentId%27%20id%3D%27assignmentId%27%2F%3E%0A%20%20%3Cp%3E%24%7Bhittitle%7D%3C%2Fp%3E%0A%20%20%3Cp%3E%24%7Bhitvariable%7D%3C%2Fp%3E%0A%20%20%3Cp%3E%3Ctextarea%20name%3D%27comment%27%20cols%3D%2780%27%20rows%3D%273%27%3E%3C%2Ftextarea%3E%3C%2Fp%3E%0A%20%20%3Cp%3E%3Cinput%20type%3D%27submit%27%20id%3D%27submitButton%27%20value%3D%27Submit%27%20%2F%3E%3C%2Fp%3E%3C%2Fform%3E%0A%20%20%3Cscript%20language%3D%27Javascript%27%3EturkSetAssignmentID%28%29%3B%3C%2Fscript%3E%0A%20%3C%2Fbody%3E%0A%3C%2Fhtml%3E%5D%5D%3E%3C%2FHTMLContent%3E%3CFrameHeight%3E450%3C%2FFrameHeight%3E%3C%2FHTMLQuestion%3E&LifetimeInSeconds=345600&MaxAssignments=1&RequesterAnnotation=Bulk%20From%20Template%202016-01-20	<?xml version="1.0"?><CreateHITResponse><OperationRequest><RequestId>18e6e07d-4f5a-4fd6-b200-a4ee0455476c</RequestId></OperationRequest><HIT><Request><IsValid>True</IsValid></Request><HITId>338GLSUI43TBWUP30NFIUXYL6LGSFL</HITId><HITTypeId>32A8IZJLQFECACF0U6FISKJN0SLGHQ</HITTypeId></HIT></CreateHITResponse>
2016-01-20T16:28:11Z	7a556184-21d4-48a0-a93a-7d3776bc6928	CreateHIT	TRUE	&HITTypeId=32A8IZJLQFECACF0U6FISKJN0SLGHQ&Question=%3CHTMLQuestion%20xmlns%3D%27http%3A%2F%2Fmechanicalturk.amazonaws.com%2FAWSMechanicalTurkDataSchemas%2F2011-11-11%2FHTMLQuestion.xsd%27%3E%3CHTMLContent%3E%3C%21%5BCDATA%5B%0A%3C%21DOCTYPE%20html%3E%3Chtml%3E%3Chead%3E%3Cmeta%20http-equiv%3D%27Content-Type%27%20content%3D%27text%2Fhtml%3B%20charset%3DUTF-8%27%2F%3E%0A%20%20%3Cscript%20type%3D%27text%2Fjavascript%27%20src%3D%27https%3A%2F%2Fs3.amazonaws.com%2Fmturk-public%2FexternalHIT_v1.js%27%3E%3C%2Fscript%3E%0A%20%3C%2Fhead%3E%0A%20%3Cbody%3E%0A%20%20%3Cform%20name%3D%27mturk_form%27%20method%3D%27post%27%20id%3D%27mturk_form%27%20action%3D%27https%3A%2F%2Fwww.mturk.com%2Fmturk%2FexternalSubmit%27%3E%0A%20%20%3Cinput%20type%3D%27hidden%27%20value%3D%27%27%20name%3D%27assignmentId%27%20id%3D%27assignmentId%27%2F%3E%0A%20%20%3Cp%3E%24%7Bhittitle%7D%3C%2Fp%3E%0A%20%20%3Cp%3E%24%7Bhitvariable%7D%3C%2Fp%3E%0A%20%20%3Cp%3E%3Ctextarea%20name%3D%27comment%27%20cols%3D%2780%27%20rows%3D%273%27%3E%3C%2Ftextarea%3E%3C%2Fp%3E%0A%20%20%3Cp%3E%3Cinput%20type%3D%27submit%27%20id%3D%27submitButton%27%20value%3D%27Submit%27%20%2F%3E%3C%2Fp%3E%3C%2Fform%3E%0A%20%20%3Cscript%20language%3D%27Javascript%27%3EturkSetAssignmentID%28%29%3B%3C%2Fscript%3E%0A%20%3C%2Fbody%3E%0A%3C%2Fhtml%3E%5D%5D%3E%3C%2FHTMLContent%3E%3CFrameHeight%3E450%3C%2FFrameHeight%3E%3C%2FHTMLQuestion%3E&LifetimeInSeconds=345600&MaxAssignments=1&RequesterAnnotation=Bulk%20From%20Template%202016-01-20	TRUE	https://mechanicalturk.sandbox.amazonaws.com/?Service=AWSMechanicalTurkRequester&AWSAccessKeyId=AKIAIDC7VWQ3AGEESEWQ&Operation=CreateHIT&Timestamp=2016-01-20T16:28:11Z&Signature=yIPQEwHpa12qyWLmuDg74f7KyRs%3D&HITTypeId=32A8IZJLQFECACF0U6FISKJN0SLGHQ&Question=%3CHTMLQuestion%20xmlns%3D%27http%3A%2F%2Fmechanicalturk.amazonaws.com%2FAWSMechanicalTurkDataSchemas%2F2011-11-11%2FHTMLQuestion.xsd%27%3E%3CHTMLContent%3E%3C%21%5BCDATA%5B%0A%3C%21DOCTYPE%20html%3E%3Chtml%3E%3Chead%3E%3Cmeta%20http-equiv%3D%27Content-Type%27%20content%3D%27text%2Fhtml%3B%20charset%3DUTF-8%27%2F%3E%0A%20%20%3Cscript%20type%3D%27text%2Fjavascript%27%20src%3D%27https%3A%2F%2Fs3.amazonaws.com%2Fmturk-public%2FexternalHIT_v1.js%27%3E%3C%2Fscript%3E%0A%20%3C%2Fhead%3E%0A%20%3Cbody%3E%0A%20%20%3Cform%20name%3D%27mturk_form%27%20method%3D%27post%27%20id%3D%27mturk_form%27%20action%3D%27https%3A%2F%2Fwww.mturk.com%2Fmturk%2FexternalSubmit%27%3E%0A%20%20%3Cinput%20type%3D%27hidden%27%20value%3D%27%27%20name%3D%27assignmentId%27%20id%3D%27assignmentId%27%2F%3E%0A%20%20%3Cp%3E%24%7Bhittitle%7D%3C%2Fp%3E%0A%20%20%3Cp%3E%24%7Bhitvariable%7D%3C%2Fp%3E%0A%20%20%3Cp%3E%3Ctextarea%20name%3D%27comment%27%20cols%3D%2780%27%20rows%3D%273%27%3E%3C%2Ftextarea%3E%3C%2Fp%3E%0A%20%20%3Cp%3E%3Cinput%20type%3D%27submit%27%20id%3D%27submitButton%27%20value%3D%27Submit%27%20%2F%3E%3C%2Fp%3E%3C%2Fform%3E%0A%20%20%3Cscript%20language%3D%27Javascript%27%3EturkSetAssignmentID%28%29%3B%3C%2Fscript%3E%0A%20%3C%2Fbody%3E%0A%3C%2Fhtml%3E%5D%5D%3E%3C%2FHTMLContent%3E%3CFrameHeight%3E450%3C%2FFrameHeight%3E%3C%2FHTMLQuestion%3E&LifetimeInSeconds=345600&MaxAssignments=1&RequesterAnnotation=Bulk%20From%20Template%202016-01-20	<?xml version="1.0"?><CreateHITResponse><OperationRequest><RequestId>7a556184-21d4-48a0-a93a-7d3776bc6928</RequestId></OperationRequest><HIT><Request><IsValid>True</IsValid></Request><HITId>31J7RYECZL8X22059F3WT9GWDHPL1Z</HITId><HITTypeId>32A8IZJLQFECACF0U6FISKJN0SLGHQ</HITTypeId></HIT></CreateHITResponse>
2016-01-20T16:33:40Z	ccffaf9f-93e4-48ae-a741-03263205a42a	RegisterHITType	TRUE	&Title=Categorize%20comments%202016-01-20&Description=Categorize%20comments&Reward.1.Amount=.05&Reward.1.CurrencyCode=USD&AssignmentDurationInSeconds=300&Keywords=categorization%2C%20image%2C%20moderation%2C%20category&AutoApprovalDelayInSeconds=86400&QualificationRequirement.1.QualificationTypeId=00000000000000000071&QualificationRequirement.1.Comparator=EqualTo&QualificationRequirement.1.LocaleValue.1.Country=US	TRUE	https://mechanicalturk.sandbox.amazonaws.com/?Service=AWSMechanicalTurkRequester&AWSAccessKeyId=AKIAIDC7VWQ3AGEESEWQ&Operation=RegisterHITType&Timestamp=2016-01-20T16:33:40Z&Signature=yRxCLWXpgEv5bf%2BMeNBsxIgLGVI%3D&Title=Categorize%20comments%202016-01-20&Description=Categorize%20comments&Reward.1.Amount=.05&Reward.1.CurrencyCode=USD&AssignmentDurationInSeconds=300&Keywords=categorization%2C%20image%2C%20moderation%2C%20category&AutoApprovalDelayInSeconds=86400&QualificationRequirement.1.QualificationTypeId=00000000000000000071&QualificationRequirement.1.Comparator=EqualTo&QualificationRequirement.1.LocaleValue.1.Country=US	<?xml version="1.0"?><RegisterHITTypeResponse><OperationRequest><RequestId>ccffaf9f-93e4-48ae-a741-03263205a42a</RequestId></OperationRequest><RegisterHITTypeResult><Request><IsValid>True</IsValid></Request><HITTypeId>32A8IZJLQFECACF0U6FISKJN0SLGHQ</HITTypeId></RegisterHITTypeResult></RegisterHITTypeResponse>
2016-01-20T16:33:40Z	a4111a1a-1928-4aa4-ab1b-7a9f444d00e4	CreateHIT	TRUE	&HITTypeId=32A8IZJLQFECACF0U6FISKJN0SLGHQ&Question=%3CHTMLQuestion%20xmlns%3D%27http%3A%2F%2Fmechanicalturk.amazonaws.com%2FAWSMechanicalTurkDataSchemas%2F2011-11-11%2FHTMLQuestion.xsd%27%3E%3CHTMLContent%3E%3C%21%5BCDATA%5B%0A%3C%21DOCTYPE%20html%3E%3Chtml%3E%3Chead%3E%3Cmeta%20http-equiv%3D%27Content-Type%27%20content%3D%27text%2Fhtml%3B%20charset%3DUTF-8%27%2F%3E%0A%20%20%3Cscript%20type%3D%27text%2Fjavascript%27%20src%3D%27https%3A%2F%2Fs3.amazonaws.com%2Fmturk-public%2FexternalHIT_v1.js%27%3E%3C%2Fscript%3E%0A%20%3C%2Fhead%3E%0A%20%3Cbody%3E%0A%20%20%3Cform%20name%3D%27mturk_form%27%20method%3D%27post%27%20id%3D%27mturk_form%27%20action%3D%27https%3A%2F%2Fwww.mturk.com%2Fmturk%2FexternalSubmit%27%3E%0A%20%20%3Cinput%20type%3D%27hidden%27%20value%3D%27%27%20name%3D%27assignmentId%27%20id%3D%27assignmentId%27%2F%3E%0A%20%20%3Cp%3EHIT%201%3C%2Fp%3E%0A%20%20%3Cp%3EWhat%20is%20your%20name%3F%3C%2Fp%3E%0A%20%20%3Cp%3E%3Ctextarea%20name%3D%27comment%27%20cols%3D%2780%27%20rows%3D%273%27%3E%3C%2Ftextarea%3E%3C%2Fp%3E%0A%20%20%3Cp%3E%3Cinput%20type%3D%27submit%27%20id%3D%27submitButton%27%20value%3D%27Submit%27%20%2F%3E%3C%2Fp%3E%3C%2Fform%3E%0A%20%20%3Cscript%20language%3D%27Javascript%27%3EturkSetAssignmentID%28%29%3B%3C%2Fscript%3E%0A%20%3C%2Fbody%3E%0A%3C%2Fhtml%3E%5D%5D%3E%3C%2FHTMLContent%3E%3CFrameHeight%3E450%3C%2FFrameHeight%3E%3C%2FHTMLQuestion%3E&LifetimeInSeconds=345600&MaxAssignments=1&RequesterAnnotation=Bulk%20From%20Template%202016-01-20	TRUE	https://mechanicalturk.sandbox.amazonaws.com/?Service=AWSMechanicalTurkRequester&AWSAccessKeyId=AKIAIDC7VWQ3AGEESEWQ&Operation=CreateHIT&Timestamp=2016-01-20T16:33:40Z&Signature=UKVuxMguJe4ci%2BdyeBFlnJ3TdVM%3D&HITTypeId=32A8IZJLQFECACF0U6FISKJN0SLGHQ&Question=%3CHTMLQuestion%20xmlns%3D%27http%3A%2F%2Fmechanicalturk.amazonaws.com%2FAWSMechanicalTurkDataSchemas%2F2011-11-11%2FHTMLQuestion.xsd%27%3E%3CHTMLContent%3E%3C%21%5BCDATA%5B%0A%3C%21DOCTYPE%20html%3E%3Chtml%3E%3Chead%3E%3Cmeta%20http-equiv%3D%27Content-Type%27%20content%3D%27text%2Fhtml%3B%20charset%3DUTF-8%27%2F%3E%0A%20%20%3Cscript%20type%3D%27text%2Fjavascript%27%20src%3D%27https%3A%2F%2Fs3.amazonaws.com%2Fmturk-public%2FexternalHIT_v1.js%27%3E%3C%2Fscript%3E%0A%20%3C%2Fhead%3E%0A%20%3Cbody%3E%0A%20%20%3Cform%20name%3D%27mturk_form%27%20method%3D%27post%27%20id%3D%27mturk_form%27%20action%3D%27https%3A%2F%2Fwww.mturk.com%2Fmturk%2FexternalSubmit%27%3E%0A%20%20%3Cinput%20type%3D%27hidden%27%20value%3D%27%27%20name%3D%27assignmentId%27%20id%3D%27assignmentId%27%2F%3E%0A%20%20%3Cp%3EHIT%201%3C%2Fp%3E%0A%20%20%3Cp%3EWhat%20is%20your%20name%3F%3C%2Fp%3E%0A%20%20%3Cp%3E%3Ctextarea%20name%3D%27comment%27%20cols%3D%2780%27%20rows%3D%273%27%3E%3C%2Ftextarea%3E%3C%2Fp%3E%0A%20%20%3Cp%3E%3Cinput%20type%3D%27submit%27%20id%3D%27submitButton%27%20value%3D%27Submit%27%20%2F%3E%3C%2Fp%3E%3C%2Fform%3E%0A%20%20%3Cscript%20language%3D%27Javascript%27%3EturkSetAssignmentID%28%29%3B%3C%2Fscript%3E%0A%20%3C%2Fbody%3E%0A%3C%2Fhtml%3E%5D%5D%3E%3C%2FHTMLContent%3E%3CFrameHeight%3E450%3C%2FFrameHeight%3E%3C%2FHTMLQuestion%3E&LifetimeInSeconds=345600&MaxAssignments=1&RequesterAnnotation=Bulk%20From%20Template%202016-01-20	<?xml version="1.0"?><CreateHITResponse><OperationRequest><RequestId>a4111a1a-1928-4aa4-ab1b-7a9f444d00e4</RequestId></OperationRequest><HIT><Request><IsValid>True</IsValid></Request><HITId>3INZSNUD808WTVF80BK1P2QA2KC9DH</HITId><HITTypeId>32A8IZJLQFECACF0U6FISKJN0SLGHQ</HITTypeId></HIT></CreateHITResponse>
2016-01-20T16:33:41Z	391c9d9f-ba12-4be2-9a1e-bbc3d27324ba	CreateHIT	TRUE	&HITTypeId=32A8IZJLQFECACF0U6FISKJN0SLGHQ&Question=%3CHTMLQuestion%20xmlns%3D%27http%3A%2F%2Fmechanicalturk.amazonaws.com%2FAWSMechanicalTurkDataSchemas%2F2011-11-11%2FHTMLQuestion.xsd%27%3E%3CHTMLContent%3E%3C%21%5BCDATA%5B%0A%3C%21DOCTYPE%20html%3E%3Chtml%3E%3Chead%3E%3Cmeta%20http-equiv%3D%27Content-Type%27%20content%3D%27text%2Fhtml%3B%20charset%3DUTF-8%27%2F%3E%0A%20%20%3Cscript%20type%3D%27text%2Fjavascript%27%20src%3D%27https%3A%2F%2Fs3.amazonaws.com%2Fmturk-public%2FexternalHIT_v1.js%27%3E%3C%2Fscript%3E%0A%20%3C%2Fhead%3E%0A%20%3Cbody%3E%0A%20%20%3Cform%20name%3D%27mturk_form%27%20method%3D%27post%27%20id%3D%27mturk_form%27%20action%3D%27https%3A%2F%2Fwww.mturk.com%2Fmturk%2FexternalSubmit%27%3E%0A%20%20%3Cinput%20type%3D%27hidden%27%20value%3D%27%27%20name%3D%27assignmentId%27%20id%3D%27assignmentId%27%2F%3E%0A%20%20%3Cp%3EHIT%202%3C%2Fp%3E%0A%20%20%3Cp%3EWhat%20is%20your%20age%3F%3C%2Fp%3E%0A%20%20%3Cp%3E%3Ctextarea%20name%3D%27comment%27%20cols%3D%2780%27%20rows%3D%273%27%3E%3C%2Ftextarea%3E%3C%2Fp%3E%0A%20%20%3Cp%3E%3Cinput%20type%3D%27submit%27%20id%3D%27submitButton%27%20value%3D%27Submit%27%20%2F%3E%3C%2Fp%3E%3C%2Fform%3E%0A%20%20%3Cscript%20language%3D%27Javascript%27%3EturkSetAssignmentID%28%29%3B%3C%2Fscript%3E%0A%20%3C%2Fbody%3E%0A%3C%2Fhtml%3E%5D%5D%3E%3C%2FHTMLContent%3E%3CFrameHeight%3E450%3C%2FFrameHeight%3E%3C%2FHTMLQuestion%3E&LifetimeInSeconds=345600&MaxAssignments=1&RequesterAnnotation=Bulk%20From%20Template%202016-01-20	TRUE	https://mechanicalturk.sandbox.amazonaws.com/?Service=AWSMechanicalTurkRequester&AWSAccessKeyId=AKIAIDC7VWQ3AGEESEWQ&Operation=CreateHIT&Timestamp=2016-01-20T16:33:41Z&Signature=V%2BcUWcml2OzcIN3G6kfydGhM2cM%3D&HITTypeId=32A8IZJLQFECACF0U6FISKJN0SLGHQ&Question=%3CHTMLQuestion%20xmlns%3D%27http%3A%2F%2Fmechanicalturk.amazonaws.com%2FAWSMechanicalTurkDataSchemas%2F2011-11-11%2FHTMLQuestion.xsd%27%3E%3CHTMLContent%3E%3C%21%5BCDATA%5B%0A%3C%21DOCTYPE%20html%3E%3Chtml%3E%3Chead%3E%3Cmeta%20http-equiv%3D%27Content-Type%27%20content%3D%27text%2Fhtml%3B%20charset%3DUTF-8%27%2F%3E%0A%20%20%3Cscript%20type%3D%27text%2Fjavascript%27%20src%3D%27https%3A%2F%2Fs3.amazonaws.com%2Fmturk-public%2FexternalHIT_v1.js%27%3E%3C%2Fscript%3E%0A%20%3C%2Fhead%3E%0A%20%3Cbody%3E%0A%20%20%3Cform%20name%3D%27mturk_form%27%20method%3D%27post%27%20id%3D%27mturk_form%27%20action%3D%27https%3A%2F%2Fwww.mturk.com%2Fmturk%2FexternalSubmit%27%3E%0A%20%20%3Cinput%20type%3D%27hidden%27%20value%3D%27%27%20name%3D%27assignmentId%27%20id%3D%27assignmentId%27%2F%3E%0A%20%20%3Cp%3EHIT%202%3C%2Fp%3E%0A%20%20%3Cp%3EWhat%20is%20your%20age%3F%3C%2Fp%3E%0A%20%20%3Cp%3E%3Ctextarea%20name%3D%27comment%27%20cols%3D%2780%27%20rows%3D%273%27%3E%3C%2Ftextarea%3E%3C%2Fp%3E%0A%20%20%3Cp%3E%3Cinput%20type%3D%27submit%27%20id%3D%27submitButton%27%20value%3D%27Submit%27%20%2F%3E%3C%2Fp%3E%3C%2Fform%3E%0A%20%20%3Cscript%20language%3D%27Javascript%27%3EturkSetAssignmentID%28%29%3B%3C%2Fscript%3E%0A%20%3C%2Fbody%3E%0A%3C%2Fhtml%3E%5D%5D%3E%3C%2FHTMLContent%3E%3CFrameHeight%3E450%3C%2FFrameHeight%3E%3C%2FHTMLQuestion%3E&LifetimeInSeconds=345600&MaxAssignments=1&RequesterAnnotation=Bulk%20From%20Template%202016-01-20	<?xml version="1.0"?><CreateHITResponse><OperationRequest><RequestId>391c9d9f-ba12-4be2-9a1e-bbc3d27324ba</RequestId></OperationRequest><HIT><Request><IsValid>True</IsValid></Request><HITId>322ZSN9Z5G22DE5T56OPDYXGJEM4TZ</HITId><HITTypeId>32A8IZJLQFECACF0U6FISKJN0SLGHQ</HITTypeId></HIT></CreateHITResponse>
2016-01-20T16:33:41Z	573f2909-53f1-403e-ab27-c47af348d8c4	CreateHIT	TRUE	&HITTypeId=32A8IZJLQFECACF0U6FISKJN0SLGHQ&Question=%3CHTMLQuestion%20xmlns%3D%27http%3A%2F%2Fmechanicalturk.amazonaws.com%2FAWSMechanicalTurkDataSchemas%2F2011-11-11%2FHTMLQuestion.xsd%27%3E%3CHTMLContent%3E%3C%21%5BCDATA%5B%0A%3C%21DOCTYPE%20html%3E%3Chtml%3E%3Chead%3E%3Cmeta%20http-equiv%3D%27Content-Type%27%20content%3D%27text%2Fhtml%3B%20charset%3DUTF-8%27%2F%3E%0A%20%20%3Cscript%20type%3D%27text%2Fjavascript%27%20src%3D%27https%3A%2F%2Fs3.amazonaws.com%2Fmturk-public%2FexternalHIT_v1.js%27%3E%3C%2Fscript%3E%0A%20%3C%2Fhead%3E%0A%20%3Cbody%3E%0A%20%20%3Cform%20name%3D%27mturk_form%27%20method%3D%27post%27%20id%3D%27mturk_form%27%20action%3D%27https%3A%2F%2Fwww.mturk.com%2Fmturk%2FexternalSubmit%27%3E%0A%20%20%3Cinput%20type%3D%27hidden%27%20value%3D%27%27%20name%3D%27assignmentId%27%20id%3D%27assignmentId%27%2F%3E%0A%20%20%3Cp%3EHIT%203%3C%2Fp%3E%0A%20%20%3Cp%3EWhere%20are%20you%20from%3F%3C%2Fp%3E%0A%20%20%3Cp%3E%3Ctextarea%20name%3D%27comment%27%20cols%3D%2780%27%20rows%3D%273%27%3E%3C%2Ftextarea%3E%3C%2Fp%3E%0A%20%20%3Cp%3E%3Cinput%20type%3D%27submit%27%20id%3D%27submitButton%27%20value%3D%27Submit%27%20%2F%3E%3C%2Fp%3E%3C%2Fform%3E%0A%20%20%3Cscript%20language%3D%27Javascript%27%3EturkSetAssignmentID%28%29%3B%3C%2Fscript%3E%0A%20%3C%2Fbody%3E%0A%3C%2Fhtml%3E%5D%5D%3E%3C%2FHTMLContent%3E%3CFrameHeight%3E450%3C%2FFrameHeight%3E%3C%2FHTMLQuestion%3E&LifetimeInSeconds=345600&MaxAssignments=1&RequesterAnnotation=Bulk%20From%20Template%202016-01-20	TRUE	https://mechanicalturk.sandbox.amazonaws.com/?Service=AWSMechanicalTurkRequester&AWSAccessKeyId=AKIAIDC7VWQ3AGEESEWQ&Operation=CreateHIT&Timestamp=2016-01-20T16:33:41Z&Signature=V%2BcUWcml2OzcIN3G6kfydGhM2cM%3D&HITTypeId=32A8IZJLQFECACF0U6FISKJN0SLGHQ&Question=%3CHTMLQuestion%20xmlns%3D%27http%3A%2F%2Fmechanicalturk.amazonaws.com%2FAWSMechanicalTurkDataSchemas%2F2011-11-11%2FHTMLQuestion.xsd%27%3E%3CHTMLContent%3E%3C%21%5BCDATA%5B%0A%3C%21DOCTYPE%20html%3E%3Chtml%3E%3Chead%3E%3Cmeta%20http-equiv%3D%27Content-Type%27%20content%3D%27text%2Fhtml%3B%20charset%3DUTF-8%27%2F%3E%0A%20%20%3Cscript%20type%3D%27text%2Fjavascript%27%20src%3D%27https%3A%2F%2Fs3.amazonaws.com%2Fmturk-public%2FexternalHIT_v1.js%27%3E%3C%2Fscript%3E%0A%20%3C%2Fhead%3E%0A%20%3Cbody%3E%0A%20%20%3Cform%20name%3D%27mturk_form%27%20method%3D%27post%27%20id%3D%27mturk_form%27%20action%3D%27https%3A%2F%2Fwww.mturk.com%2Fmturk%2FexternalSubmit%27%3E%0A%20%20%3Cinput%20type%3D%27hidden%27%20value%3D%27%27%20name%3D%27assignmentId%27%20id%3D%27assignmentId%27%2F%3E%0A%20%20%3Cp%3EHIT%203%3C%2Fp%3E%0A%20%20%3Cp%3EWhere%20are%20you%20from%3F%3C%2Fp%3E%0A%20%20%3Cp%3E%3Ctextarea%20name%3D%27comment%27%20cols%3D%2780%27%20rows%3D%273%27%3E%3C%2Ftextarea%3E%3C%2Fp%3E%0A%20%20%3Cp%3E%3Cinput%20type%3D%27submit%27%20id%3D%27submitButton%27%20value%3D%27Submit%27%20%2F%3E%3C%2Fp%3E%3C%2Fform%3E%0A%20%20%3Cscript%20language%3D%27Javascript%27%3EturkSetAssignmentID%28%29%3B%3C%2Fscript%3E%0A%20%3C%2Fbody%3E%0A%3C%2Fhtml%3E%5D%5D%3E%3C%2FHTMLContent%3E%3CFrameHeight%3E450%3C%2FFrameHeight%3E%3C%2FHTMLQuestion%3E&LifetimeInSeconds=345600&MaxAssignments=1&RequesterAnnotation=Bulk%20From%20Template%202016-01-20	<?xml version="1.0"?><CreateHITResponse><OperationRequest><RequestId>573f2909-53f1-403e-ab27-c47af348d8c4</RequestId></OperationRequest><HIT><Request><IsValid>True</IsValid></Request><HITId>3R0WOCG21MRUDN3BYMFSLYDOF5MDUC</HITId><HITTypeId>32A8IZJLQFECACF0U6FISKJN0SLGHQ</HITTypeId></HIT></CreateHITResponse>
2016-01-20T16:44:20Z	96e7f2e2-5a97-4e56-a281-7175ab62587a	RegisterHITType	TRUE	&Title=Categorize%20comments%202016-01-20%202016-01-20%2011%3A44%3A20&Description=Categorize%20comments&Reward.1.Amount=.05&Reward.1.CurrencyCode=USD&AssignmentDurationInSeconds=300&Keywords=categorization%2C%20image%2C%20moderation%2C%20category&AutoApprovalDelayInSeconds=86400&QualificationRequirement.1.QualificationTypeId=00000000000000000071&QualificationRequirement.1.Comparator=EqualTo&QualificationRequirement.1.LocaleValue.1.Country=US	TRUE	https://mechanicalturk.sandbox.amazonaws.com/?Service=AWSMechanicalTurkRequester&AWSAccessKeyId=AKIAIDC7VWQ3AGEESEWQ&Operation=RegisterHITType&Timestamp=2016-01-20T16:44:20Z&Signature=vp0pdBsWO8BVwNEugbiGm5FQ5mo%3D&Title=Categorize%20comments%202016-01-20%202016-01-20%2011%3A44%3A20&Description=Categorize%20comments&Reward.1.Amount=.05&Reward.1.CurrencyCode=USD&AssignmentDurationInSeconds=300&Keywords=categorization%2C%20image%2C%20moderation%2C%20category&AutoApprovalDelayInSeconds=86400&QualificationRequirement.1.QualificationTypeId=00000000000000000071&QualificationRequirement.1.Comparator=EqualTo&QualificationRequirement.1.LocaleValue.1.Country=US	<?xml version="1.0"?><RegisterHITTypeResponse><OperationRequest><RequestId>96e7f2e2-5a97-4e56-a281-7175ab62587a</RequestId></OperationRequest><RegisterHITTypeResult><Request><IsValid>True</IsValid></Request><HITTypeId>3WBZ6EY6WWTX1QZL5WJXORDLQH9LU2</HITTypeId></RegisterHITTypeResult></RegisterHITTypeResponse>
2016-01-20T16:44:20Z	581972ae-c288-4ecd-b16c-31f002dd13a8	CreateHIT	TRUE	&HITTypeId=3WBZ6EY6WWTX1QZL5WJXORDLQH9LU2&Question=%3CHTMLQuestion%20xmlns%3D%27http%3A%2F%2Fmechanicalturk.amazonaws.com%2FAWSMechanicalTurkDataSchemas%2F2011-11-11%2FHTMLQuestion.xsd%27%3E%3CHTMLContent%3E%3C%21%5BCDATA%5B%0A%3C%21DOCTYPE%20html%3E%3Chtml%3E%3Chead%3E%3Cmeta%20http-equiv%3D%27Content-Type%27%20content%3D%27text%2Fhtml%3B%20charset%3DUTF-8%27%2F%3E%0A%20%20%3Cscript%20type%3D%27text%2Fjavascript%27%20src%3D%27https%3A%2F%2Fs3.amazonaws.com%2Fmturk-public%2FexternalHIT_v1.js%27%3E%3C%2Fscript%3E%0A%20%3C%2Fhead%3E%0A%20%3Cbody%3E%0A%20%20%3Cform%20name%3D%27mturk_form%27%20method%3D%27post%27%20id%3D%27mturk_form%27%20action%3D%27https%3A%2F%2Fwww.mturk.com%2Fmturk%2FexternalSubmit%27%3E%0A%20%20%3Cinput%20type%3D%27hidden%27%20value%3D%27%27%20name%3D%27assignmentId%27%20id%3D%27assignmentId%27%2F%3E%0A%20%20%3Cp%3EHIT%201%3C%2Fp%3E%0A%20%20%3Cp%3EWhat%20is%20your%20name%3F%3C%2Fp%3E%0A%20%20%3Cbr%3E%0A%20%20%3Cbr%3E%0A%20%20%3Cp%3EHIT%201%3C%2Fp%3E%0A%20%20%3Cp%3EWhat%20is%20your%20name%3F%3C%2Fp%3E%0A%20%20%3Cbr%3E%0A%20%20%3Cbr%3E%0A%20%20%3Cp%3E%3Ctextarea%20name%3D%27comment%27%20cols%3D%2780%27%20rows%3D%273%27%3E%3C%2Ftextarea%3E%3C%2Fp%3E%0A%20%20%3Cp%3E%3Cinput%20type%3D%27submit%27%20id%3D%27submitButton%27%20value%3D%27Submit%27%20%2F%3E%3C%2Fp%3E%3C%2Fform%3E%0A%20%20%3Cscript%20language%3D%27Javascript%27%3EturkSetAssignmentID%28%29%3B%3C%2Fscript%3E%0A%20%3C%2Fbody%3E%0A%3C%2Fhtml%3E%5D%5D%3E%3C%2FHTMLContent%3E%3CFrameHeight%3E450%3C%2FFrameHeight%3E%3C%2FHTMLQuestion%3E&LifetimeInSeconds=345600&MaxAssignments=1&RequesterAnnotation=Bulk%20From%20Template%202016-01-20	TRUE	https://mechanicalturk.sandbox.amazonaws.com/?Service=AWSMechanicalTurkRequester&AWSAccessKeyId=AKIAIDC7VWQ3AGEESEWQ&Operation=CreateHIT&Timestamp=2016-01-20T16:44:20Z&Signature=U79Ju74S27TyUpkh2Qcrpm61%2FOA%3D&HITTypeId=3WBZ6EY6WWTX1QZL5WJXORDLQH9LU2&Question=%3CHTMLQuestion%20xmlns%3D%27http%3A%2F%2Fmechanicalturk.amazonaws.com%2FAWSMechanicalTurkDataSchemas%2F2011-11-11%2FHTMLQuestion.xsd%27%3E%3CHTMLContent%3E%3C%21%5BCDATA%5B%0A%3C%21DOCTYPE%20html%3E%3Chtml%3E%3Chead%3E%3Cmeta%20http-equiv%3D%27Content-Type%27%20content%3D%27text%2Fhtml%3B%20charset%3DUTF-8%27%2F%3E%0A%20%20%3Cscript%20type%3D%27text%2Fjavascript%27%20src%3D%27https%3A%2F%2Fs3.amazonaws.com%2Fmturk-public%2FexternalHIT_v1.js%27%3E%3C%2Fscript%3E%0A%20%3C%2Fhead%3E%0A%20%3Cbody%3E%0A%20%20%3Cform%20name%3D%27mturk_form%27%20method%3D%27post%27%20id%3D%27mturk_form%27%20action%3D%27https%3A%2F%2Fwww.mturk.com%2Fmturk%2FexternalSubmit%27%3E%0A%20%20%3Cinput%20type%3D%27hidden%27%20value%3D%27%27%20name%3D%27assignmentId%27%20id%3D%27assignmentId%27%2F%3E%0A%20%20%3Cp%3EHIT%201%3C%2Fp%3E%0A%20%20%3Cp%3EWhat%20is%20your%20name%3F%3C%2Fp%3E%0A%20%20%3Cbr%3E%0A%20%20%3Cbr%3E%0A%20%20%3Cp%3EHIT%201%3C%2Fp%3E%0A%20%20%3Cp%3EWhat%20is%20your%20name%3F%3C%2Fp%3E%0A%20%20%3Cbr%3E%0A%20%20%3Cbr%3E%0A%20%20%3Cp%3E%3Ctextarea%20name%3D%27comment%27%20cols%3D%2780%27%20rows%3D%273%27%3E%3C%2Ftextarea%3E%3C%2Fp%3E%0A%20%20%3Cp%3E%3Cinput%20type%3D%27submit%27%20id%3D%27submitButton%27%20value%3D%27Submit%27%20%2F%3E%3C%2Fp%3E%3C%2Fform%3E%0A%20%20%3Cscript%20language%3D%27Javascript%27%3EturkSetAssignmentID%28%29%3B%3C%2Fscript%3E%0A%20%3C%2Fbody%3E%0A%3C%2Fhtml%3E%5D%5D%3E%3C%2FHTMLContent%3E%3CFrameHeight%3E450%3C%2FFrameHeight%3E%3C%2FHTMLQuestion%3E&LifetimeInSeconds=345600&MaxAssignments=1&RequesterAnnotation=Bulk%20From%20Template%202016-01-20	<?xml version="1.0"?><CreateHITResponse><OperationRequest><RequestId>581972ae-c288-4ecd-b16c-31f002dd13a8</RequestId></OperationRequest><HIT><Request><IsValid>True</IsValid></Request><HITId>38DCH97KHHKFOGWMR9HYEVBCH4EJQS</HITId><HITTypeId>3WBZ6EY6WWTX1QZL5WJXORDLQH9LU2</HITTypeId></HIT></CreateHITResponse>
2016-01-20T16:44:21Z	7d620d03-9b29-4885-9f42-e4657efc3ab6	CreateHIT	TRUE	&HITTypeId=3WBZ6EY6WWTX1QZL5WJXORDLQH9LU2&Question=%3CHTMLQuestion%20xmlns%3D%27http%3A%2F%2Fmechanicalturk.amazonaws.com%2FAWSMechanicalTurkDataSchemas%2F2011-11-11%2FHTMLQuestion.xsd%27%3E%3CHTMLContent%3E%3C%21%5BCDATA%5B%0A%3C%21DOCTYPE%20html%3E%3Chtml%3E%3Chead%3E%3Cmeta%20http-equiv%3D%27Content-Type%27%20content%3D%27text%2Fhtml%3B%20charset%3DUTF-8%27%2F%3E%0A%20%20%3Cscript%20type%3D%27text%2Fjavascript%27%20src%3D%27https%3A%2F%2Fs3.amazonaws.com%2Fmturk-public%2FexternalHIT_v1.js%27%3E%3C%2Fscript%3E%0A%20%3C%2Fhead%3E%0A%20%3Cbody%3E%0A%20%20%3Cform%20name%3D%27mturk_form%27%20method%3D%27post%27%20id%3D%27mturk_form%27%20action%3D%27https%3A%2F%2Fwww.mturk.com%2Fmturk%2FexternalSubmit%27%3E%0A%20%20%3Cinput%20type%3D%27hidden%27%20value%3D%27%27%20name%3D%27assignmentId%27%20id%3D%27assignmentId%27%2F%3E%0A%20%20%3Cp%3EHIT%202%3C%2Fp%3E%0A%20%20%3Cp%3EWhat%20is%20your%20age%3F%3C%2Fp%3E%0A%20%20%3Cbr%3E%0A%20%20%3Cbr%3E%0A%20%20%3Cp%3EHIT%202%3C%2Fp%3E%0A%20%20%3Cp%3EWhat%20is%20your%20age%3F%3C%2Fp%3E%0A%20%20%3Cbr%3E%0A%20%20%3Cbr%3E%0A%20%20%3Cp%3E%3Ctextarea%20name%3D%27comment%27%20cols%3D%2780%27%20rows%3D%273%27%3E%3C%2Ftextarea%3E%3C%2Fp%3E%0A%20%20%3Cp%3E%3Cinput%20type%3D%27submit%27%20id%3D%27submitButton%27%20value%3D%27Submit%27%20%2F%3E%3C%2Fp%3E%3C%2Fform%3E%0A%20%20%3Cscript%20language%3D%27Javascript%27%3EturkSetAssignmentID%28%29%3B%3C%2Fscript%3E%0A%20%3C%2Fbody%3E%0A%3C%2Fhtml%3E%5D%5D%3E%3C%2FHTMLContent%3E%3CFrameHeight%3E450%3C%2FFrameHeight%3E%3C%2FHTMLQuestion%3E&LifetimeInSeconds=345600&MaxAssignments=1&RequesterAnnotation=Bulk%20From%20Template%202016-01-20	TRUE	https://mechanicalturk.sandbox.amazonaws.com/?Service=AWSMechanicalTurkRequester&AWSAccessKeyId=AKIAIDC7VWQ3AGEESEWQ&Operation=CreateHIT&Timestamp=2016-01-20T16:44:21Z&Signature=phsqVB5SGbUR01ffHAY2syZ8D%2FM%3D&HITTypeId=3WBZ6EY6WWTX1QZL5WJXORDLQH9LU2&Question=%3CHTMLQuestion%20xmlns%3D%27http%3A%2F%2Fmechanicalturk.amazonaws.com%2FAWSMechanicalTurkDataSchemas%2F2011-11-11%2FHTMLQuestion.xsd%27%3E%3CHTMLContent%3E%3C%21%5BCDATA%5B%0A%3C%21DOCTYPE%20html%3E%3Chtml%3E%3Chead%3E%3Cmeta%20http-equiv%3D%27Content-Type%27%20content%3D%27text%2Fhtml%3B%20charset%3DUTF-8%27%2F%3E%0A%20%20%3Cscript%20type%3D%27text%2Fjavascript%27%20src%3D%27https%3A%2F%2Fs3.amazonaws.com%2Fmturk-public%2FexternalHIT_v1.js%27%3E%3C%2Fscript%3E%0A%20%3C%2Fhead%3E%0A%20%3Cbody%3E%0A%20%20%3Cform%20name%3D%27mturk_form%27%20method%3D%27post%27%20id%3D%27mturk_form%27%20action%3D%27https%3A%2F%2Fwww.mturk.com%2Fmturk%2FexternalSubmit%27%3E%0A%20%20%3Cinput%20type%3D%27hidden%27%20value%3D%27%27%20name%3D%27assignmentId%27%20id%3D%27assignmentId%27%2F%3E%0A%20%20%3Cp%3EHIT%202%3C%2Fp%3E%0A%20%20%3Cp%3EWhat%20is%20your%20age%3F%3C%2Fp%3E%0A%20%20%3Cbr%3E%0A%20%20%3Cbr%3E%0A%20%20%3Cp%3EHIT%202%3C%2Fp%3E%0A%20%20%3Cp%3EWhat%20is%20your%20age%3F%3C%2Fp%3E%0A%20%20%3Cbr%3E%0A%20%20%3Cbr%3E%0A%20%20%3Cp%3E%3Ctextarea%20name%3D%27comment%27%20cols%3D%2780%27%20rows%3D%273%27%3E%3C%2Ftextarea%3E%3C%2Fp%3E%0A%20%20%3Cp%3E%3Cinput%20type%3D%27submit%27%20id%3D%27submitButton%27%20value%3D%27Submit%27%20%2F%3E%3C%2Fp%3E%3C%2Fform%3E%0A%20%20%3Cscript%20language%3D%27Javascript%27%3EturkSetAssignmentID%28%29%3B%3C%2Fscript%3E%0A%20%3C%2Fbody%3E%0A%3C%2Fhtml%3E%5D%5D%3E%3C%2FHTMLContent%3E%3CFrameHeight%3E450%3C%2FFrameHeight%3E%3C%2FHTMLQuestion%3E&LifetimeInSeconds=345600&MaxAssignments=1&RequesterAnnotation=Bulk%20From%20Template%202016-01-20	<?xml version="1.0"?><CreateHITResponse><OperationRequest><RequestId>7d620d03-9b29-4885-9f42-e4657efc3ab6</RequestId></OperationRequest><HIT><Request><IsValid>True</IsValid></Request><HITId>3JYPJ2TAYIQEJ29B86BOZSTAJ1BFPU</HITId><HITTypeId>3WBZ6EY6WWTX1QZL5WJXORDLQH9LU2</HITTypeId></HIT></CreateHITResponse>
2016-01-20T16:44:22Z	54bbf5a5-3c81-4914-95a9-ee0b6752b4b2	CreateHIT	TRUE	&HITTypeId=3WBZ6EY6WWTX1QZL5WJXORDLQH9LU2&Question=%3CHTMLQuestion%20xmlns%3D%27http%3A%2F%2Fmechanicalturk.amazonaws.com%2FAWSMechanicalTurkDataSchemas%2F2011-11-11%2FHTMLQuestion.xsd%27%3E%3CHTMLContent%3E%3C%21%5BCDATA%5B%0A%3C%21DOCTYPE%20html%3E%3Chtml%3E%3Chead%3E%3Cmeta%20http-equiv%3D%27Content-Type%27%20content%3D%27text%2Fhtml%3B%20charset%3DUTF-8%27%2F%3E%0A%20%20%3Cscript%20type%3D%27text%2Fjavascript%27%20src%3D%27https%3A%2F%2Fs3.amazonaws.com%2Fmturk-public%2FexternalHIT_v1.js%27%3E%3C%2Fscript%3E%0A%20%3C%2Fhead%3E%0A%20%3Cbody%3E%0A%20%20%3Cform%20name%3D%27mturk_form%27%20method%3D%27post%27%20id%3D%27mturk_form%27%20action%3D%27https%3A%2F%2Fwww.mturk.com%2Fmturk%2FexternalSubmit%27%3E%0A%20%20%3Cinput%20type%3D%27hidden%27%20value%3D%27%27%20name%3D%27assignmentId%27%20id%3D%27assignmentId%27%2F%3E%0A%20%20%3Cp%3EHIT%203%3C%2Fp%3E%0A%20%20%3Cp%3EWhere%20are%20you%20from%3F%3C%2Fp%3E%0A%20%20%3Cbr%3E%0A%20%20%3Cbr%3E%0A%20%20%3Cp%3EHIT%203%3C%2Fp%3E%0A%20%20%3Cp%3EWhere%20are%20you%20from%3F%3C%2Fp%3E%0A%20%20%3Cbr%3E%0A%20%20%3Cbr%3E%0A%20%20%3Cp%3E%3Ctextarea%20name%3D%27comment%27%20cols%3D%2780%27%20rows%3D%273%27%3E%3C%2Ftextarea%3E%3C%2Fp%3E%0A%20%20%3Cp%3E%3Cinput%20type%3D%27submit%27%20id%3D%27submitButton%27%20value%3D%27Submit%27%20%2F%3E%3C%2Fp%3E%3C%2Fform%3E%0A%20%20%3Cscript%20language%3D%27Javascript%27%3EturkSetAssignmentID%28%29%3B%3C%2Fscript%3E%0A%20%3C%2Fbody%3E%0A%3C%2Fhtml%3E%5D%5D%3E%3C%2FHTMLContent%3E%3CFrameHeight%3E450%3C%2FFrameHeight%3E%3C%2FHTMLQuestion%3E&LifetimeInSeconds=345600&MaxAssignments=1&RequesterAnnotation=Bulk%20From%20Template%202016-01-20	TRUE	https://mechanicalturk.sandbox.amazonaws.com/?Service=AWSMechanicalTurkRequester&AWSAccessKeyId=AKIAIDC7VWQ3AGEESEWQ&Operation=CreateHIT&Timestamp=2016-01-20T16:44:22Z&Signature=i4hRl4q88YtlU3UcSIXIpYvPqGM%3D&HITTypeId=3WBZ6EY6WWTX1QZL5WJXORDLQH9LU2&Question=%3CHTMLQuestion%20xmlns%3D%27http%3A%2F%2Fmechanicalturk.amazonaws.com%2FAWSMechanicalTurkDataSchemas%2F2011-11-11%2FHTMLQuestion.xsd%27%3E%3CHTMLContent%3E%3C%21%5BCDATA%5B%0A%3C%21DOCTYPE%20html%3E%3Chtml%3E%3Chead%3E%3Cmeta%20http-equiv%3D%27Content-Type%27%20content%3D%27text%2Fhtml%3B%20charset%3DUTF-8%27%2F%3E%0A%20%20%3Cscript%20type%3D%27text%2Fjavascript%27%20src%3D%27https%3A%2F%2Fs3.amazonaws.com%2Fmturk-public%2FexternalHIT_v1.js%27%3E%3C%2Fscript%3E%0A%20%3C%2Fhead%3E%0A%20%3Cbody%3E%0A%20%20%3Cform%20name%3D%27mturk_form%27%20method%3D%27post%27%20id%3D%27mturk_form%27%20action%3D%27https%3A%2F%2Fwww.mturk.com%2Fmturk%2FexternalSubmit%27%3E%0A%20%20%3Cinput%20type%3D%27hidden%27%20value%3D%27%27%20name%3D%27assignmentId%27%20id%3D%27assignmentId%27%2F%3E%0A%20%20%3Cp%3EHIT%203%3C%2Fp%3E%0A%20%20%3Cp%3EWhere%20are%20you%20from%3F%3C%2Fp%3E%0A%20%20%3Cbr%3E%0A%20%20%3Cbr%3E%0A%20%20%3Cp%3EHIT%203%3C%2Fp%3E%0A%20%20%3Cp%3EWhere%20are%20you%20from%3F%3C%2Fp%3E%0A%20%20%3Cbr%3E%0A%20%20%3Cbr%3E%0A%20%20%3Cp%3E%3Ctextarea%20name%3D%27comment%27%20cols%3D%2780%27%20rows%3D%273%27%3E%3C%2Ftextarea%3E%3C%2Fp%3E%0A%20%20%3Cp%3E%3Cinput%20type%3D%27submit%27%20id%3D%27submitButton%27%20value%3D%27Submit%27%20%2F%3E%3C%2Fp%3E%3C%2Fform%3E%0A%20%20%3Cscript%20language%3D%27Javascript%27%3EturkSetAssignmentID%28%29%3B%3C%2Fscript%3E%0A%20%3C%2Fbody%3E%0A%3C%2Fhtml%3E%5D%5D%3E%3C%2FHTMLContent%3E%3CFrameHeight%3E450%3C%2FFrameHeight%3E%3C%2FHTMLQuestion%3E&LifetimeInSeconds=345600&MaxAssignments=1&RequesterAnnotation=Bulk%20From%20Template%202016-01-20	<?xml version="1.0"?><CreateHITResponse><OperationRequest><RequestId>54bbf5a5-3c81-4914-95a9-ee0b6752b4b2</RequestId></OperationRequest><HIT><Request><IsValid>True</IsValid></Request><HITId>3VI0PC2ZAY2DYOOVT04VGZORD1BOXD</HITId><HITTypeId>3WBZ6EY6WWTX1QZL5WJXORDLQH9LU2</HITTypeId></HIT></CreateHITResponse>
2016-01-20T16:45:29Z	8bf02ca0-6d1d-42de-a867-523ce1cb8ac7	RegisterHITType	TRUE	&Title=Categorize%20comments1%202016-01-20&Description=Categorize%20comments&Reward.1.Amount=.05&Reward.1.CurrencyCode=USD&AssignmentDurationInSeconds=300&Keywords=categorization%2C%20image%2C%20moderation%2C%20category&AutoApprovalDelayInSeconds=86400&QualificationRequirement.1.QualificationTypeId=00000000000000000071&QualificationRequirement.1.Comparator=EqualTo&QualificationRequirement.1.LocaleValue.1.Country=US	TRUE	https://mechanicalturk.sandbox.amazonaws.com/?Service=AWSMechanicalTurkRequester&AWSAccessKeyId=AKIAIDC7VWQ3AGEESEWQ&Operation=RegisterHITType&Timestamp=2016-01-20T16:45:29Z&Signature=05uevKLCgWa6%2BVVzdnZAFFNGki4%3D&Title=Categorize%20comments1%202016-01-20&Description=Categorize%20comments&Reward.1.Amount=.05&Reward.1.CurrencyCode=USD&AssignmentDurationInSeconds=300&Keywords=categorization%2C%20image%2C%20moderation%2C%20category&AutoApprovalDelayInSeconds=86400&QualificationRequirement.1.QualificationTypeId=00000000000000000071&QualificationRequirement.1.Comparator=EqualTo&QualificationRequirement.1.LocaleValue.1.Country=US	<?xml version="1.0"?><RegisterHITTypeResponse><OperationRequest><RequestId>8bf02ca0-6d1d-42de-a867-523ce1cb8ac7</RequestId></OperationRequest><RegisterHITTypeResult><Request><IsValid>True</IsValid></Request><HITTypeId>3LOAKXD6JC8RFSXCKG1O6L0HAL4REH</HITTypeId></RegisterHITTypeResult></RegisterHITTypeResponse>
2016-01-20T16:45:30Z	9145abcc-c9ab-4359-a6e4-f52264fd5adb	CreateHIT	TRUE	&HITTypeId=3LOAKXD6JC8RFSXCKG1O6L0HAL4REH&Question=%3CHTMLQuestion%20xmlns%3D%27http%3A%2F%2Fmechanicalturk.amazonaws.com%2FAWSMechanicalTurkDataSchemas%2F2011-11-11%2FHTMLQuestion.xsd%27%3E%3CHTMLContent%3E%3C%21%5BCDATA%5B%0A%3C%21DOCTYPE%20html%3E%3Chtml%3E%3Chead%3E%3Cmeta%20http-equiv%3D%27Content-Type%27%20content%3D%27text%2Fhtml%3B%20charset%3DUTF-8%27%2F%3E%0A%20%20%3Cscript%20type%3D%27text%2Fjavascript%27%20src%3D%27https%3A%2F%2Fs3.amazonaws.com%2Fmturk-public%2FexternalHIT_v1.js%27%3E%3C%2Fscript%3E%0A%20%3C%2Fhead%3E%0A%20%3Cbody%3E%0A%20%20%3Cform%20name%3D%27mturk_form%27%20method%3D%27post%27%20id%3D%27mturk_form%27%20action%3D%27https%3A%2F%2Fwww.mturk.com%2Fmturk%2FexternalSubmit%27%3E%0A%20%20%3Cinput%20type%3D%27hidden%27%20value%3D%27%27%20name%3D%27assignmentId%27%20id%3D%27assignmentId%27%2F%3E%0A%20%20%3Cp%3EHIT%201%3C%2Fp%3E%0A%20%20%3Cp%3EWhat%20is%20your%20name%3F%3C%2Fp%3E%0A%20%20%3Cbr%3E%0A%20%20%3Cbr%3E%0A%20%20%3Cp%3EHIT%201%3C%2Fp%3E%0A%20%20%3Cp%3EWhat%20is%20your%20name%3F%3C%2Fp%3E%0A%20%20%3Cbr%3E%0A%20%20%3Cbr%3E%0A%20%20%3Cp%3E%3Ctextarea%20name%3D%27comment%27%20cols%3D%2780%27%20rows%3D%273%27%3E%3C%2Ftextarea%3E%3C%2Fp%3E%0A%20%20%3Cp%3E%3Cinput%20type%3D%27submit%27%20id%3D%27submitButton%27%20value%3D%27Submit%27%20%2F%3E%3C%2Fp%3E%3C%2Fform%3E%0A%20%20%3Cscript%20language%3D%27Javascript%27%3EturkSetAssignmentID%28%29%3B%3C%2Fscript%3E%0A%20%3C%2Fbody%3E%0A%3C%2Fhtml%3E%5D%5D%3E%3C%2FHTMLContent%3E%3CFrameHeight%3E450%3C%2FFrameHeight%3E%3C%2FHTMLQuestion%3E&LifetimeInSeconds=345600&MaxAssignments=1&RequesterAnnotation=Bulk%20From%20Template%202016-01-20	TRUE	https://mechanicalturk.sandbox.amazonaws.com/?Service=AWSMechanicalTurkRequester&AWSAccessKeyId=AKIAIDC7VWQ3AGEESEWQ&Operation=CreateHIT&Timestamp=2016-01-20T16:45:30Z&Signature=ZOXsucaIAjLaf7bymA8%2FMhjCaJ4%3D&HITTypeId=3LOAKXD6JC8RFSXCKG1O6L0HAL4REH&Question=%3CHTMLQuestion%20xmlns%3D%27http%3A%2F%2Fmechanicalturk.amazonaws.com%2FAWSMechanicalTurkDataSchemas%2F2011-11-11%2FHTMLQuestion.xsd%27%3E%3CHTMLContent%3E%3C%21%5BCDATA%5B%0A%3C%21DOCTYPE%20html%3E%3Chtml%3E%3Chead%3E%3Cmeta%20http-equiv%3D%27Content-Type%27%20content%3D%27text%2Fhtml%3B%20charset%3DUTF-8%27%2F%3E%0A%20%20%3Cscript%20type%3D%27text%2Fjavascript%27%20src%3D%27https%3A%2F%2Fs3.amazonaws.com%2Fmturk-public%2FexternalHIT_v1.js%27%3E%3C%2Fscript%3E%0A%20%3C%2Fhead%3E%0A%20%3Cbody%3E%0A%20%20%3Cform%20name%3D%27mturk_form%27%20method%3D%27post%27%20id%3D%27mturk_form%27%20action%3D%27https%3A%2F%2Fwww.mturk.com%2Fmturk%2FexternalSubmit%27%3E%0A%20%20%3Cinput%20type%3D%27hidden%27%20value%3D%27%27%20name%3D%27assignmentId%27%20id%3D%27assignmentId%27%2F%3E%0A%20%20%3Cp%3EHIT%201%3C%2Fp%3E%0A%20%20%3Cp%3EWhat%20is%20your%20name%3F%3C%2Fp%3E%0A%20%20%3Cbr%3E%0A%20%20%3Cbr%3E%0A%20%20%3Cp%3EHIT%201%3C%2Fp%3E%0A%20%20%3Cp%3EWhat%20is%20your%20name%3F%3C%2Fp%3E%0A%20%20%3Cbr%3E%0A%20%20%3Cbr%3E%0A%20%20%3Cp%3E%3Ctextarea%20name%3D%27comment%27%20cols%3D%2780%27%20rows%3D%273%27%3E%3C%2Ftextarea%3E%3C%2Fp%3E%0A%20%20%3Cp%3E%3Cinput%20type%3D%27submit%27%20id%3D%27submitButton%27%20value%3D%27Submit%27%20%2F%3E%3C%2Fp%3E%3C%2Fform%3E%0A%20%20%3Cscript%20language%3D%27Javascript%27%3EturkSetAssignmentID%28%29%3B%3C%2Fscript%3E%0A%20%3C%2Fbody%3E%0A%3C%2Fhtml%3E%5D%5D%3E%3C%2FHTMLContent%3E%3CFrameHeight%3E450%3C%2FFrameHeight%3E%3C%2FHTMLQuestion%3E&LifetimeInSeconds=345600&MaxAssignments=1&RequesterAnnotation=Bulk%20From%20Template%202016-01-20	<?xml version="1.0"?><CreateHITResponse><OperationRequest><RequestId>9145abcc-c9ab-4359-a6e4-f52264fd5adb</RequestId></OperationRequest><HIT><Request><IsValid>True</IsValid></Request><HITId>3O2Y2UIUCQCD8BCVVE6G3B7BPR5KFY</HITId><HITTypeId>3LOAKXD6JC8RFSXCKG1O6L0HAL4REH</HITTypeId></HIT></CreateHITResponse>
2016-01-20T16:45:31Z	0794019b-a1e2-460e-9532-5776c03d6b29	CreateHIT	TRUE	&HITTypeId=3LOAKXD6JC8RFSXCKG1O6L0HAL4REH&Question=%3CHTMLQuestion%20xmlns%3D%27http%3A%2F%2Fmechanicalturk.amazonaws.com%2FAWSMechanicalTurkDataSchemas%2F2011-11-11%2FHTMLQuestion.xsd%27%3E%3CHTMLContent%3E%3C%21%5BCDATA%5B%0A%3C%21DOCTYPE%20html%3E%3Chtml%3E%3Chead%3E%3Cmeta%20http-equiv%3D%27Content-Type%27%20content%3D%27text%2Fhtml%3B%20charset%3DUTF-8%27%2F%3E%0A%20%20%3Cscript%20type%3D%27text%2Fjavascript%27%20src%3D%27https%3A%2F%2Fs3.amazonaws.com%2Fmturk-public%2FexternalHIT_v1.js%27%3E%3C%2Fscript%3E%0A%20%3C%2Fhead%3E%0A%20%3Cbody%3E%0A%20%20%3Cform%20name%3D%27mturk_form%27%20method%3D%27post%27%20id%3D%27mturk_form%27%20action%3D%27https%3A%2F%2Fwww.mturk.com%2Fmturk%2FexternalSubmit%27%3E%0A%20%20%3Cinput%20type%3D%27hidden%27%20value%3D%27%27%20name%3D%27assignmentId%27%20id%3D%27assignmentId%27%2F%3E%0A%20%20%3Cp%3EHIT%202%3C%2Fp%3E%0A%20%20%3Cp%3EWhat%20is%20your%20age%3F%3C%2Fp%3E%0A%20%20%3Cbr%3E%0A%20%20%3Cbr%3E%0A%20%20%3Cp%3EHIT%202%3C%2Fp%3E%0A%20%20%3Cp%3EWhat%20is%20your%20age%3F%3C%2Fp%3E%0A%20%20%3Cbr%3E%0A%20%20%3Cbr%3E%0A%20%20%3Cp%3E%3Ctextarea%20name%3D%27comment%27%20cols%3D%2780%27%20rows%3D%273%27%3E%3C%2Ftextarea%3E%3C%2Fp%3E%0A%20%20%3Cp%3E%3Cinput%20type%3D%27submit%27%20id%3D%27submitButton%27%20value%3D%27Submit%27%20%2F%3E%3C%2Fp%3E%3C%2Fform%3E%0A%20%20%3Cscript%20language%3D%27Javascript%27%3EturkSetAssignmentID%28%29%3B%3C%2Fscript%3E%0A%20%3C%2Fbody%3E%0A%3C%2Fhtml%3E%5D%5D%3E%3C%2FHTMLContent%3E%3CFrameHeight%3E450%3C%2FFrameHeight%3E%3C%2FHTMLQuestion%3E&LifetimeInSeconds=345600&MaxAssignments=1&RequesterAnnotation=Bulk%20From%20Template%202016-01-20	TRUE	https://mechanicalturk.sandbox.amazonaws.com/?Service=AWSMechanicalTurkRequester&AWSAccessKeyId=AKIAIDC7VWQ3AGEESEWQ&Operation=CreateHIT&Timestamp=2016-01-20T16:45:31Z&Signature=yPlTP5G%2B%2BezZuJHSs6%2BwmtPgO04%3D&HITTypeId=3LOAKXD6JC8RFSXCKG1O6L0HAL4REH&Question=%3CHTMLQuestion%20xmlns%3D%27http%3A%2F%2Fmechanicalturk.amazonaws.com%2FAWSMechanicalTurkDataSchemas%2F2011-11-11%2FHTMLQuestion.xsd%27%3E%3CHTMLContent%3E%3C%21%5BCDATA%5B%0A%3C%21DOCTYPE%20html%3E%3Chtml%3E%3Chead%3E%3Cmeta%20http-equiv%3D%27Content-Type%27%20content%3D%27text%2Fhtml%3B%20charset%3DUTF-8%27%2F%3E%0A%20%20%3Cscript%20type%3D%27text%2Fjavascript%27%20src%3D%27https%3A%2F%2Fs3.amazonaws.com%2Fmturk-public%2FexternalHIT_v1.js%27%3E%3C%2Fscript%3E%0A%20%3C%2Fhead%3E%0A%20%3Cbody%3E%0A%20%20%3Cform%20name%3D%27mturk_form%27%20method%3D%27post%27%20id%3D%27mturk_form%27%20action%3D%27https%3A%2F%2Fwww.mturk.com%2Fmturk%2FexternalSubmit%27%3E%0A%20%20%3Cinput%20type%3D%27hidden%27%20value%3D%27%27%20name%3D%27assignmentId%27%20id%3D%27assignmentId%27%2F%3E%0A%20%20%3Cp%3EHIT%202%3C%2Fp%3E%0A%20%20%3Cp%3EWhat%20is%20your%20age%3F%3C%2Fp%3E%0A%20%20%3Cbr%3E%0A%20%20%3Cbr%3E%0A%20%20%3Cp%3EHIT%202%3C%2Fp%3E%0A%20%20%3Cp%3EWhat%20is%20your%20age%3F%3C%2Fp%3E%0A%20%20%3Cbr%3E%0A%20%20%3Cbr%3E%0A%20%20%3Cp%3E%3Ctextarea%20name%3D%27comment%27%20cols%3D%2780%27%20rows%3D%273%27%3E%3C%2Ftextarea%3E%3C%2Fp%3E%0A%20%20%3Cp%3E%3Cinput%20type%3D%27submit%27%20id%3D%27submitButton%27%20value%3D%27Submit%27%20%2F%3E%3C%2Fp%3E%3C%2Fform%3E%0A%20%20%3Cscript%20language%3D%27Javascript%27%3EturkSetAssignmentID%28%29%3B%3C%2Fscript%3E%0A%20%3C%2Fbody%3E%0A%3C%2Fhtml%3E%5D%5D%3E%3C%2FHTMLContent%3E%3CFrameHeight%3E450%3C%2FFrameHeight%3E%3C%2FHTMLQuestion%3E&LifetimeInSeconds=345600&MaxAssignments=1&RequesterAnnotation=Bulk%20From%20Template%202016-01-20	<?xml version="1.0"?><CreateHITResponse><OperationRequest><RequestId>0794019b-a1e2-460e-9532-5776c03d6b29</RequestId></OperationRequest><HIT><Request><IsValid>True</IsValid></Request><HITId>373L46LKP7OTDDYRE4X1I9Z3IYMKJ1</HITId><HITTypeId>3LOAKXD6JC8RFSXCKG1O6L0HAL4REH</HITTypeId></HIT></CreateHITResponse>
2016-01-20T16:45:31Z	b28b7328-f143-48ce-a735-5632a91299fc	CreateHIT	TRUE	&HITTypeId=3LOAKXD6JC8RFSXCKG1O6L0HAL4REH&Question=%3CHTMLQuestion%20xmlns%3D%27http%3A%2F%2Fmechanicalturk.amazonaws.com%2FAWSMechanicalTurkDataSchemas%2F2011-11-11%2FHTMLQuestion.xsd%27%3E%3CHTMLContent%3E%3C%21%5BCDATA%5B%0A%3C%21DOCTYPE%20html%3E%3Chtml%3E%3Chead%3E%3Cmeta%20http-equiv%3D%27Content-Type%27%20content%3D%27text%2Fhtml%3B%20charset%3DUTF-8%27%2F%3E%0A%20%20%3Cscript%20type%3D%27text%2Fjavascript%27%20src%3D%27https%3A%2F%2Fs3.amazonaws.com%2Fmturk-public%2FexternalHIT_v1.js%27%3E%3C%2Fscript%3E%0A%20%3C%2Fhead%3E%0A%20%3Cbody%3E%0A%20%20%3Cform%20name%3D%27mturk_form%27%20method%3D%27post%27%20id%3D%27mturk_form%27%20action%3D%27https%3A%2F%2Fwww.mturk.com%2Fmturk%2FexternalSubmit%27%3E%0A%20%20%3Cinput%20type%3D%27hidden%27%20value%3D%27%27%20name%3D%27assignmentId%27%20id%3D%27assignmentId%27%2F%3E%0A%20%20%3Cp%3EHIT%203%3C%2Fp%3E%0A%20%20%3Cp%3EWhere%20are%20you%20from%3F%3C%2Fp%3E%0A%20%20%3Cbr%3E%0A%20%20%3Cbr%3E%0A%20%20%3Cp%3EHIT%203%3C%2Fp%3E%0A%20%20%3Cp%3EWhere%20are%20you%20from%3F%3C%2Fp%3E%0A%20%20%3Cbr%3E%0A%20%20%3Cbr%3E%0A%20%20%3Cp%3E%3Ctextarea%20name%3D%27comment%27%20cols%3D%2780%27%20rows%3D%273%27%3E%3C%2Ftextarea%3E%3C%2Fp%3E%0A%20%20%3Cp%3E%3Cinput%20type%3D%27submit%27%20id%3D%27submitButton%27%20value%3D%27Submit%27%20%2F%3E%3C%2Fp%3E%3C%2Fform%3E%0A%20%20%3Cscript%20language%3D%27Javascript%27%3EturkSetAssignmentID%28%29%3B%3C%2Fscript%3E%0A%20%3C%2Fbody%3E%0A%3C%2Fhtml%3E%5D%5D%3E%3C%2FHTMLContent%3E%3CFrameHeight%3E450%3C%2FFrameHeight%3E%3C%2FHTMLQuestion%3E&LifetimeInSeconds=345600&MaxAssignments=1&RequesterAnnotation=Bulk%20From%20Template%202016-01-20	TRUE	https://mechanicalturk.sandbox.amazonaws.com/?Service=AWSMechanicalTurkRequester&AWSAccessKeyId=AKIAIDC7VWQ3AGEESEWQ&Operation=CreateHIT&Timestamp=2016-01-20T16:45:31Z&Signature=yPlTP5G%2B%2BezZuJHSs6%2BwmtPgO04%3D&HITTypeId=3LOAKXD6JC8RFSXCKG1O6L0HAL4REH&Question=%3CHTMLQuestion%20xmlns%3D%27http%3A%2F%2Fmechanicalturk.amazonaws.com%2FAWSMechanicalTurkDataSchemas%2F2011-11-11%2FHTMLQuestion.xsd%27%3E%3CHTMLContent%3E%3C%21%5BCDATA%5B%0A%3C%21DOCTYPE%20html%3E%3Chtml%3E%3Chead%3E%3Cmeta%20http-equiv%3D%27Content-Type%27%20content%3D%27text%2Fhtml%3B%20charset%3DUTF-8%27%2F%3E%0A%20%20%3Cscript%20type%3D%27text%2Fjavascript%27%20src%3D%27https%3A%2F%2Fs3.amazonaws.com%2Fmturk-public%2FexternalHIT_v1.js%27%3E%3C%2Fscript%3E%0A%20%3C%2Fhead%3E%0A%20%3Cbody%3E%0A%20%20%3Cform%20name%3D%27mturk_form%27%20method%3D%27post%27%20id%3D%27mturk_form%27%20action%3D%27https%3A%2F%2Fwww.mturk.com%2Fmturk%2FexternalSubmit%27%3E%0A%20%20%3Cinput%20type%3D%27hidden%27%20value%3D%27%27%20name%3D%27assignmentId%27%20id%3D%27assignmentId%27%2F%3E%0A%20%20%3Cp%3EHIT%203%3C%2Fp%3E%0A%20%20%3Cp%3EWhere%20are%20you%20from%3F%3C%2Fp%3E%0A%20%20%3Cbr%3E%0A%20%20%3Cbr%3E%0A%20%20%3Cp%3EHIT%203%3C%2Fp%3E%0A%20%20%3Cp%3EWhere%20are%20you%20from%3F%3C%2Fp%3E%0A%20%20%3Cbr%3E%0A%20%20%3Cbr%3E%0A%20%20%3Cp%3E%3Ctextarea%20name%3D%27comment%27%20cols%3D%2780%27%20rows%3D%273%27%3E%3C%2Ftextarea%3E%3C%2Fp%3E%0A%20%20%3Cp%3E%3Cinput%20type%3D%27submit%27%20id%3D%27submitButton%27%20value%3D%27Submit%27%20%2F%3E%3C%2Fp%3E%3C%2Fform%3E%0A%20%20%3Cscript%20language%3D%27Javascript%27%3EturkSetAssignmentID%28%29%3B%3C%2Fscript%3E%0A%20%3C%2Fbody%3E%0A%3C%2Fhtml%3E%5D%5D%3E%3C%2FHTMLContent%3E%3CFrameHeight%3E450%3C%2FFrameHeight%3E%3C%2FHTMLQuestion%3E&LifetimeInSeconds=345600&MaxAssignments=1&RequesterAnnotation=Bulk%20From%20Template%202016-01-20	<?xml version="1.0"?><CreateHITResponse><OperationRequest><RequestId>b28b7328-f143-48ce-a735-5632a91299fc</RequestId></OperationRequest><HIT><Request><IsValid>True</IsValid></Request><HITId>3RKHNXPHGWE2RT9LQ31FPB8EZEKUK7</HITId><HITTypeId>3LOAKXD6JC8RFSXCKG1O6L0HAL4REH</HITTypeId></HIT></CreateHITResponse>
